season,week,home_team,away_team,rating_diff,home_field,rest_diff,actual_margin,actual_home_win,elo_diff,cpoe_diff,separation_diff,yac_oe_diff,ryoe_diff,spread_line,model_margin
2022,4,CIN,MIA,-0.2817296683655471,1.0,0,12.0,True,-5.303006978785788,2.883468609722926,-0.31806500241433433,-0.31090672772461525,-0.1386675284621801,4.0,-0.9903135562218548
2022,4,NO,MIN,-0.2146140115158009,0.0,0,-3.0,False,48.43150121874896,-0.055557166182839124,-0.37217510370523854,-0.33403324391872413,-0.06801371806537612,-4.0,-0.601320524543496
2022,4,ATL,CLE,-0.1657247075164432,1.0,-3,3.0,True,-17.360994586592142,-2.2293063627663066,0.24364186385530928,-0.09732423773243337,0.014909897374172365,-1.0,-2.18080720861842
2022,4,BAL,BUF,-0.1748319082724739,1.0,0,-3.0,False,-42.41831221481016,-1.810131745740787,0.06222347529616101,-0.11068830647229055,0.24861303446845842,-3.0,-3.219679093610072
2022,4,DAL,WAS,0.1434685887078762,1.0,-1,15.0,True,219.6202271729362,-0.07892048504520144,-0.29712383984402235,-0.2045895340542072,0.4254769985564793,3.0,5.755938243600729
2022,4,DET,SEA,-0.0027936100117268,1.0,0,-3.0,False,-35.50797249936272,-8.01722332975038,-0.15464787669425073,0.6143689515187762,-0.3395164711634878,3.0,-6.548195521285618
2022,4,HOU,LAC,-0.0920408370255748,1.0,0,-10.0,False,-17.511022653955933,-5.597584878947448,-0.2935919044878421,0.16669356077216557,-0.2744971093478977,-5.5,-5.234138561921236
2022,4,IND,TEN,-0.1407674639538386,1.0,0,-7.0,False,37.25676521266405,-0.2586869952032067,-0.05264486392797307,-0.4886072219162384,0.371283403215323,4.5,-0.051573671009785826
2022,4,NYG,CHI,-0.1323515391117196,1.0,-1,8.0,True,-14.360463789056212,8.772242601456055,-0.6666480557502403,0.06317575219062507,0.007133539272804135,3.0,0.5315564102437165
2022,4,PHI,JAX,0.2236112937284137,1.0,0,8.0,True,216.13237318491815,2.811259551652953,-0.08481311563344729,0.7769286972068637,-0.5349250627276683,6.5,7.386275670909962
2022,4,PIT,NYJ,0.158681420357837,1.0,3,-4.0,False,244.00611892775964,5.636660027987617,-0.4768658484241719,-0.0812922144207644,0.014910461739649494,3.0,8.7115905217498
2022,4,CAR,ARI,-0.1262472885201119,1.0,0,-10.0,False,-22.242262282484717,-0.5943392737419257,-0.5898797930016895,0.052959012419093066,0.5366592591637662,1.0,-3.6534315108099213
2022,4,GB,NE,0.1247391839721922,1.0,0,3.0,True,165.706105901437,0.5746589402278052,0.18045487959267703,-0.003283277507136917,-0.3341713913318009,10.0,5.301144246006947
2022,4,LV,DEN,-0.1191145055046411,1.0,0,9.0,True,59.49856600866701,4.108037479607084,-0.25232968763412966,0.1373326785775859,0.5687802578543613,2.5,2.3299074002247426
2022,4,TB,KC,-0.0059477427601519,1.0,0,-10.0,False,59.35798363421236,-1.035505082832009,-0.016085666007912724,-0.8577813669033196,-0.6109136151439882,1.0,0.09268859427685516
2022,5,DEN,IND,0.1265566013316943,1.0,0,-3.0,False,6.116799123761666,-5.637036420381543,0.5155935311781858,0.012242717761715538,-0.4912081685840043,3.5,-2.238987726078258
2022,5,GB,NYG,0.0837509752904178,0.0,0,-5.0,False,279.5342306359628,-2.667594146029294,0.34297684308314214,0.36400401038273444,-0.3153603466957957,8.5,8.265109986522758
2022,5,BUF,PIT,0.2466320975616738,1.0,0,35.0,True,252.49971232548637,-2.0011434301917754,0.47278114362926615,0.10133399505126783,0.6683127929263121,14.0,8.317875260947583
2022,5,CLE,LAC,-0.0122382092231172,1.0,0,-2.0,False,85.97358925892809,-0.8678838325353284,-0.6114947174775596,0.1998831771432818,0.48124847261686865,-1.0,-0.06300156365470055
2022,5,JAX,HOU,0.2240938215122586,1.0,0,-7.0,False,112.81319417505779,2.2869712161019127,0.14019647722195483,-0.15299687370009063,0.6275848264169407,7.0,4.461786041300384
2022,5,MIN,CHI,0.0452442488289046,1.0,0,7.0,True,167.1107188069377,8.61760825754447,-0.45806569012775755,0.6258523302555135,-0.7163967887593341,10.0,7.221019995075499
2022,5,NE,DET,0.0026044094415252,1.0,0,29.0,True,193.0555382504624,0.5187189550308282,0.17667272676578882,-0.2265988695001811,0.27381284787737864,3.0,6.384507561768421
2022,5,NO,SEA,-0.2033641549906409,1.0,0,7.0,True,57.10769582039029,-3.4791508424957835,-0.37845927391650536,0.478440457078513,-0.6485814005242676,5.5,-1.9974363784493399
2022,5,NYJ,MIA,-0.1949775927342604,1.0,-3,23.0,True,-145.04266644131644,-4.383101758652899,-0.05546830791039925,-0.7132666133909225,-0.5434531425433073,-3.0,-8.72590192060433
2022,5,TB,ATL,0.0196085964211146,1.0,0,6.0,True,228.4703316221819,0.5679808742631949,0.13915813762009277,-0.21066062123888102,-1.2011144782867889,10.5,7.0324901141944665
2022,5,WAS,TEN,-0.1388997547188941,1.0,0,-4.0,False,-104.03200977465076,-2.552755123571286,0.29105201877771725,-0.09863758324354777,-0.16425140164196922,-1.0,-5.2040458099468525
2022,5,CAR,SF,-0.2983128389390708,1.0,1,-22.0,False,-115.43967674999612,-0.6915286947008017,-0.4973657640037956,-1.274891807568914,0.100542624852832,-6.0,-6.991778582312697
2022,5,ARI,PHI,-0.2441427723792225,1.0,0,-3.0,False,7.535862817107272,-4.218552496891151,0.3131802953970655,-0.754925985818409,-0.48846119441860986,-5.5,-2.2329242437014294
2022,5,BAL,CIN,0.0950646015098474,1.0,-3,2.0,True,61.965341573947626,-4.178735122696141,0.3231693377494387,-0.6361599224620615,0.4478540295019738,3.0,0.01135375617393386
2022,5,KC,LV,0.2030218291164835,1.0,0,1.0,True,266.1865009399155,-0.11085861996709864,0.017878509769323703,0.5002618307163851,-0.2987744632804671,7.5,8.10928428526575
2022,6,CHI,WAS,-0.0281981837919891,1.0,0,-5.0,False,98.88901177362072,-5.594957260485058,0.44937525246841314,-0.6947540518975445,0.5651894601987337,-1.0,1.0828262669918294
2022,6,ATL,SF,-0.117813552867796,1.0,0,14.0,True,-75.65326790961262,1.8669844073504653,-0.43091991752629877,-1.065956961617654,0.2160953163475644,-3.5,-4.177095966445
2022,6,CLE,NE,0.1237241199052342,1.0,0,-23.0,False,36.93804757609132,2.58551306255091,-0.44708878354461623,0.2787764020848895,0.28295967286046464,2.5,0.24239614036493418
2022,6,GB,NYJ,0.1292280699830924,1.0,0,-17.0,False,267.8456338607905,3.649796188310847,0.06686498681820119,-0.14445938675819486,0.6354543754135922,7.5,10.275441539276384
2022,6,IND,JAX,-0.2710682772835682,1.0,3,7.0,True,202.10526653832449,2.974647077750048,-0.3555515296640168,0.08836629008160302,-0.5363962990825971,1.0,6.147355309379256
2022,6,MIA,MIN,0.0496659218867326,1.0,0,-8.0,False,30.3703044367644,-2.7758185905076145,0.0520700688363025,0.602164092891844,0.21348004816758245,-3.0,-1.0615212564615044
2022,6,NO,CIN,0.0015679153571183,1.0,0,-4.0,False,44.014884988343056,0.2872028281810468,-0.27145259559496937,-0.7319832467822647,-0.0668413216481754,-3.0,-0.3404074122406602
2022,6,NYG,BAL,-0.0904866014732487,1.0,0,4.0,True,-49.57471174993316,3.9530885216362663,-0.3632468016458068,-0.3958267415673715,0.25986885223716494,-5.5,-2.0158844974397487
2022,6,PIT,TB,-0.1851977149751588,1.0,0,2.0,True,-88.59575051797765,1.7969323984240322,-0.2661717104656254,0.12833001588256074,-0.042468947326443796,-10.0,-4.148655404129241
2022,6,SEA,ARI,0.1672363031972339,1.0,0,10.0,True,47.83033652009226,7.133532053554166,-0.32986453668277615,-0.6057666134946075,0.5572906333259398,-2.5,3.0411206494888887
2022,6,KC,BUF,-0.0097069685629167,1.0,-1,-4.0,False,61.711723857880315,0.6047154054972825,-0.18032430229731222,0.32603199910597924,0.0009353249111332396,-2.5,0.8060998458146118
2022,6,PHI,DAL,0.090811520243521,1.0,0,9.0,True,42.49743963946298,3.607602424557618,0.23737567018052141,0.6773504477052257,0.08557318616265092,6.5,2.798468404576253
2022,6,LAC,DEN,0.2599909548009884,1.0,-3,3.0,True,133.91799390806204,6.585550202697312,-0.03218236989286716,-0.1231306950426383,0.7912615463619433,3.5,6.696409644118317
2022,7,ARI,NO,-0.1116144712028846,1.0,0,8.0,True,53.63787293197743,-3.4746728670148945,0.7115097719596912,0.18036367669246411,-0.056595789685395234,2.5,1.1057626499485762
2022,7,BAL,CLE,0.0096928534321228,1.0,0,3.0,True,135.75471682328885,-3.196906346619693,0.6111277388043739,-0.054678999327904265,-0.31750521932190146,6.5,3.7059576284475035
2022,7,CAR,TB,-0.2369804085830408,1.0,0,18.0,True,-190.99482975510773,-4.609775541018214,-0.09642925968271454,0.0767579837088645,0.9988956717658771,-13.0,-9.853575586514852
2022,7,CIN,ATL,-0.0073264711015038,1.0,0,18.0,True,138.37194101874752,4.364461072862817,0.04035061060180967,0.6237349421210521,-0.7275081944556053,6.5,5.6379898883711075
2022,7,DAL,DET,-0.0059017206290139,1.0,-7,18.0,True,294.06035915330017,0.2827711430125357,-0.05312706536802203,-0.10403025443077457,0.16523885253133355,7.0,8.96493303490041
2022,7,JAX,NYG,0.1000345593297807,1.0,0,-6.0,False,-15.325455939635958,-3.5368315979989613,0.31848318661438624,0.2060475037695274,0.39918322747395985,3.0,-2.23864830744673
2022,7,TEN,IND,0.103458226306968,1.0,7,9.0,True,125.7720971048584,0.1566546678688634,0.03693571544220253,0.2820183361025498,-0.1810525139267284,2.5,3.56288067861197
2022,7,WAS,GB,-0.0929806413971143,1.0,3,2.0,True,-69.36872267061199,-0.17124560797154298,-0.10409574655989662,0.344277797066,-0.24547724104436827,-4.0,-3.9008601276346697
2022,7,DEN,NYJ,-0.0080085650651245,1.0,-1,-7.0,False,52.383411726473696,0.28243761475183415,0.143387892715662,-0.050664387078900086,0.18692934278822312,-2.0,1.2546846121766055
2022,7,LV,HOU,0.1449968117343761,1.0,-1,18.0,True,154.5310709427174,3.0615866304445385,0.023577146628734003,0.19828759586391365,0.24333321213317088,7.0,5.825655503793707
2022,7,LAC,SEA,0.0224405453368062,1.0,-1,-14.0,False,65.73973674973263,-3.7346738932498034,0.23528227305216687,0.45497149319816915,-0.0012269329529828177,5.5,0.12043826562691429
2022,7,SF,KC,-0.1064940834095171,1.0,0,-21.0,False,-41.10201477558394,-3.4299442076279694,0.30180530800925176,0.3784292036649095,0.28439025425733644,-1.0,-3.1733266507269615
2022,7,MIA,PIT,0.0400336958965024,1.0,0,6.0,True,76.40111023522354,-1.5017135634187164,0.5369955385480543,0.8724659297645836,0.5712461259332474,7.5,2.639166473629743
2022,7,NE,CHI,0.1223894341626695,1.0,-3,-19.0,False,213.22785953982566,5.858706299589156,-0.4061423439674643,0.28532890008899753,0.0852698030293455,9.5,7.868674872489903
2022,8,TB,BAL,-0.0095948480668291,1.0,0,-5.0,False,97.35729741216778,1.3923221479386574,-0.2186178270939929,-0.1767914211190349,-0.89419047501094,2.0,1.9574593355943595
2022,8,JAX,DEN,0.1585068196605423,0.0,0,-4.0,False,18.99009970133079,3.1956876284600844,-0.06370818351778196,-0.23859382147443062,1.3447526741353815,1.0,1.2755543687948423
2022,8,ATL,CAR,0.1550992472035048,1.0,0,3.0,True,129.72689048443317,2.6980982916539147,-0.00021146772582669726,0.14369660179352672,0.042714524056329695,4.5,4.676419962813254
2022,8,DAL,CHI,0.0852107863163259,1.0,1,20.0,True,214.52636694104808,5.505500152454406,-0.641344326266712,0.4750153652453885,-0.1989510674024461,10.5,7.106812164348641
2022,8,DET,MIA,0.0322969224304996,1.0,0,-4.0,False,-90.36586278314985,-0.7433340279480705,-0.34543768780122575,-0.6945749121638785,0.10376003292442802,-3.5,-5.633429118715103
2022,8,MIN,ARI,0.0843182127356764,1.0,4,8.0,True,140.70283733310112,3.5534900477492943,-0.17245139543772403,0.2062456504235366,-0.11400509850147299,4.0,5.0103665637983905
2022,8,NO,LV,-0.0814561962014584,1.0,3,24.0,True,51.66901466008767,1.5019593504882929,-0.30896143189287084,-0.24701943741987759,-0.6623509837720514,-1.0,0.2976349587311393
2022,8,NYJ,NE,-0.0511301901800883,1.0,1,-5.0,False,8.69697965063483,-3.7898345774284237,0.07641311940205275,0.2760695224516555,-0.9172124834827662,-3.0,-2.6325433604951947
2022,8,PHI,PIT,0.257456288598774,1.0,7,22.0,True,204.81827353299377,1.2197107164164713,0.343518262686469,0.8174405309670008,0.9424139721505602,11.0,8.1296860383101
2022,8,HOU,TEN,-0.038584663126859,1.0,0,-7.0,False,-168.03173721241137,-5.170921310914782,0.16249481614905648,-0.39256765963380125,0.24279348030395176,-1.0,-8.886196045474366
2022,8,IND,WAS,-0.0575477663964096,1.0,0,-1.0,False,146.18590396898776,3.3235061842644753,-0.29748410529644076,-0.2742377333780928,0.32462019468618675,3.0,4.730068438272289
2022,8,SEA,NYG,0.0804809699532008,1.0,0,14.0,True,133.01137311421508,3.6074771933385397,0.15286238862534596,-0.26384767341205806,0.23718271893433707,3.0,5.647308237063372
2022,8,BUF,GB,0.2114381463921051,1.0,7,10.0,True,226.33205412544385,0.5043712293619771,-0.049263102475258336,0.4362488739442992,-0.08767864806054973,10.5,7.044890162812269
2022,8,CLE,CIN,-0.0671305920187694,1.0,0,19.0,True,-52.34582091744983,-1.5938013077246254,-0.32892449218484954,-0.5814863016941795,0.939387309158871,-3.0,-4.367299224395947
2022,9,HOU,PHI,-0.3567722052146793,1.0,0,-12.0,False,-199.97737616473546,-5.49701311380459,-0.08447100571071076,-0.767017925053622,-0.04405979802985627,-14.0,-11.017477159977156
2022,9,ATL,LAC,-0.0167279058921591,1.0,-7,-3.0,False,57.834980472212465,-3.562032896567435,-0.31850484267731893,0.41519785160439515,0.06567311177148161,-2.5,-1.7457435858330346
2022,9,CHI,MIA,-0.0911534361327926,1.0,0,-3.0,False,-18.71342550298141,-5.77472454536281,0.2989577709259392,-1.1763131697200069,0.47392692875606207,-4.0,-3.6104481229678727
2022,9,CIN,CAR,0.1544450794959954,1.0,-1,21.0,True,212.31599685508445,7.7916300752290475,0.08767771833190618,0.5959341148608237,-0.6260251241347288,7.0,9.953465677213496
2022,9,DET,GB,0.0705287847175032,1.0,0,6.0,True,-122.20318857377674,-0.10975029850149642,-0.3350452106400583,0.1692006786412833,-0.08054561894483933,-4.0,-6.3723759433406535
2022,9,JAX,LV,0.0044394728342411,1.0,0,7.0,True,-62.27385077792019,-2.0641842387005593,0.14392948631298141,-0.31947656072406344,0.5481130132396146,-2.5,-3.7033472401456136
2022,9,NE,IND,0.0523513311425812,1.0,0,23.0,True,94.5180847377876,-3.2916066794050836,0.2909241938637308,-0.19673789555361054,0.16478877505905826,5.0,1.4851202516729725
2022,9,NYJ,BUF,-0.2815694506581256,1.0,0,3.0,True,-205.76477915028795,-3.9279987664412643,-0.007593663435693898,-0.2797054103160793,-0.5642914720167301,-11.0,-10.389374584730811
2022,9,WAS,MIN,-0.0723316417735361,1.0,0,-3.0,False,-84.92132942601984,-3.30158422523797,-0.07704997911365608,0.2080802798121254,0.06957180300791911,-3.0,-5.788466273345925
2022,9,ARI,SEA,-0.1694465829440651,1.0,0,-10.0,False,-0.3227874842577876,-6.88847345765074,0.2983028396728309,0.7134048422613337,-0.6435718966895813,1.5,-3.6465888932355766
2022,9,KC,TEN,0.205333225787338,1.0,7,3.0,True,140.8246156577054,-2.170697514089835,0.19258136955720806,0.5242839084610155,-0.0230225104290811,14.0,3.540912355456941
2022,9,NO,BAL,-0.0193865173394145,1.0,-3,-14.0,False,8.253038841473654,3.9741357882171298,-0.49001209698153136,-0.18722958361818964,-0.4938505400683036,-1.0,-0.6420000978845248
2022,10,CAR,ATL,-0.164536702092278,1.0,0,10.0,True,-13.65674051857036,-2.665616187518284,-0.060598315200724784,-0.13477984136319038,-0.1684022763798354,-2.5,-3.1023307626463246
2022,10,TB,SEA,-0.0912533067237234,0.0,0,5.0,True,44.83172663669302,-7.413011755584121,-0.0917101175395354,0.47463158872742806,-1.192739102935577,2.5,-3.6168026670701137
2022,10,BUF,MIN,0.1810888247904978,1.0,0,-3.0,False,155.92587385443449,-3.4325244922512397,0.0021397551239097368,0.2286189801180194,0.25608800665566833,6.5,2.847617193358671
2022,10,CHI,DET,-0.1239807306171413,1.0,0,-1.0,False,122.0351727535326,-4.223332693836626,0.651626113976699,-0.680970176452051,0.33584626147882823,3.0,3.0000461482693446
2022,10,KC,JAX,0.0761319872691602,1.0,0,10.0,True,401.2131228266944,1.1154766097948368,-0.12918433482903868,1.0702482266912163,-0.8590430556115705,10.0,12.828259996895065
2022,10,MIA,CLE,-0.0076455117864134,1.0,-6,22.0,True,114.99087034056106,-2.037297123984388,0.6483274652391273,0.651662166870952,-0.7900244540523514,3.0,3.4087291954943684
2022,10,NYG,HOU,0.1213410580907005,1.0,4,8.0,True,172.32412231651983,4.926136421794107,-0.19708047395862094,-0.46051148955812515,0.21332739068629064,5.5,6.710728771810407
2022,10,PIT,NO,-0.1208105947237265,1.0,8,10.0,True,45.09453112805045,-0.8787507096654191,0.035982771367542465,0.09355571629044374,-0.4956745288053864,1.0,0.14163903943334688
2022,10,TEN,DEN,0.0389813076363604,1.0,-7,7.0,True,253.492269636537,6.357943058425228,-0.43183224054956915,0.2918916134049979,0.5909184672917884,2.5,9.502597873022632
2022,10,LV,IND,0.1639937355751415,1.0,0,-5.0,False,23.612790001361418,-1.5351627239166044,0.2469761324261266,0.1498709310989791,0.27729530048856915,4.5,-0.20007071098718576
2022,10,GB,DAL,-0.1108675787911156,1.0,-7,3.0,True,-41.6956160122254,-0.6340772948123682,0.35856680488655757,-0.08493554100084799,-0.21507610706633193,-3.5,-2.1323191698361423
2022,10,SF,LAC,0.0748485942989176,1.0,7,6.0,True,135.0158053717737,-4.925808333463019,0.03497300074781595,1.2015973883781794,-0.026334161327301597,8.5,1.693086749668998
2022,10,PHI,WAS,0.2627764603271601,1.0,3,-11.0,False,269.0724107384376,3.8188633621089623,0.033971842103836636,0.2767421985738532,0.37070769378939955,11.0,10.348412737043093
2022,11,GB,TEN,0.0481848940748608,1.0,0,-10.0,False,-24.915200573687798,-1.7668300701816615,0.32428940662500194,-0.4237686463998345,0.020236796681795427,3.0,-1.9511647506560985
2022,11,ATL,CHI,0.0332517427011232,1.0,3,3.0,True,77.33549838552062,4.1687067710558,-0.6926041406328127,0.7596761442473527,0.2702171076574872,3.0,1.8077095990096215
2022,11,BAL,CAR,0.1935823223868201,1.0,3,10.0,True,253.2879674147723,2.775338430339539,0.32766742550379657,0.032633144279422155,-0.14225250597861894,13.0,9.923879233184975
2022,11,BUF,CLE,0.118270902865619,0.0,0,8.0,True,273.1549052169207,-2.8749228611592215,0.5839092569188193,0.2304618194621218,-0.6670433350783244,7.5,8.487069344401794
2022,11,HOU,WAS,-0.1026839809216556,1.0,1,-13.0,False,-66.04914422724369,-2.1592241470482207,-0.04326407691107903,-0.22302293651372246,0.31640248853475456,-3.0,-4.457999597440429
2022,11,IND,PHI,-0.2899754586401081,1.0,1,-1.0,False,-32.833243881529825,-0.8005929665549345,-0.29577365596357774,-0.619019215848591,0.059450967410426214,-6.5,-3.536747274322284
2022,11,NE,NYJ,-0.0151178296110836,1.0,0,7.0,True,160.8555918312136,3.53546949180401,-0.06965643674330924,-0.28357411132281163,0.7373642504853457,3.5,6.120195637975355
2022,11,NYG,DET,-0.0311720083767686,1.0,0,-13.0,False,152.95689590688676,3.645295443886491,-0.1071635016508048,-0.5361105713620657,0.38603058901279136,3.0,5.637913747130122
2022,11,DEN,LV,-0.1888767321364418,1.0,0,-6.0,False,53.09767408868174,-4.790414327570097,0.20144235757318496,-0.16739100074210567,-0.7629680533610755,2.5,-1.2398809933506474
2022,11,MIN,DAL,-0.0772471074953952,1.0,0,-37.0,False,86.16766496485525,3.017066779299657,0.2675836941048675,0.11536768831602329,-0.38525323400049005,-1.5,3.880822683433573
2022,11,PIT,CIN,-0.1484533696843097,1.0,-7,-7.0,False,-6.347326979758691,-2.030887449280116,-0.17160034939966762,-0.6417064029282713,-0.6330480918859607,-3.5,-3.2451269601578914
2022,11,LAC,KC,-0.2394182217267306,1.0,0,-3.0,False,-154.07039107933724,1.6846867499865168,0.2098014658747851,-1.0273106987580976,0.3325502985300235,-5.5,-5.1684183557103145
2022,11,ARI,SF,-0.1477151585363804,0.0,0,-28.0,False,-14.600836228187063,2.4693703508017424,0.027860736226060112,-1.0618844355894068,-0.4594062623585715,-10.0,-0.7267241504202904
2022,12,DET,BUF,-0.0578925543304803,1.0,0,-3.0,False,-202.69344731235424,-1.1687203260367394,-0.2639548109803789,-0.14065761617768946,-0.14209734202512705,-10.0,-9.537340150454089
2022,12,DAL,NYG,0.1120940518504581,1.0,0,8.0,True,275.9988649892475,-1.7329567196360192,0.019120408094616348,0.4221074250339848,0.008174078052459732,10.5,7.790420533723475
2022,12,MIN,NE,0.0335149272440276,1.0,0,7.0,True,74.03776657456092,2.7059193501918792,0.038321970063012856,0.36268486231225816,-0.28063762035732864,2.5,2.75257393292115
2022,12,CAR,DEN,0.0097216938514125,1.0,0,13.0,True,69.7669810652717,-0.35462792800345344,-0.4298584187836725,-0.017910711330132112,0.7786867351626137,-1.0,0.19540477343618434
2022,12,CLE,TB,0.0247517829057368,1.0,-7,6.0,True,-50.47009502903438,3.6136067900592512,-0.3817113254647051,0.07576747024069447,1.2397077861518897,-3.0,-2.009134509881771
2022,12,JAX,BAL,-0.0301318804565029,1.0,7,1.0,True,-174.89820513621657,0.7815006233613382,0.001944393511740028,-0.3217055540205934,0.621471718015079,-3.5,-6.522644026946542
2022,12,MIA,HOU,0.3030135051603624,1.0,7,15.0,True,305.4827047627266,3.6535903734840787,0.19755714048215367,0.6219947152558049,-0.14820548730820754,14.0,11.956488085176984
2022,12,NYJ,CHI,-0.0194707335453566,1.0,0,21.0,True,107.31609379220549,0.8713855834830353,-0.45927377231233946,0.5857044468756525,-0.7026946166858445,8.5,1.549275542879636
2022,12,TEN,CIN,-0.0937023782198204,1.0,3,-4.0,False,130.00438818109524,-1.375176351625487,-0.04365779132880032,-0.2245529084109794,0.18941828060209662,-1.0,2.728949194025004
2022,12,WAS,ATL,-0.0278506363285112,1.0,0,6.0,True,113.17835706957499,0.8951102635602455,0.13890069438852537,0.029331782819930874,-0.763490426494708,3.5,3.3454048163473864
2022,12,ARI,LAC,-0.0309713110988033,1.0,-1,-1.0,False,54.02350584551914,-2.4416731729085566,0.03953996543742555,0.23990070947163186,-0.5257530143997453,-2.5,-0.44881407427899056
2022,12,SEA,LV,0.0081020114807046,1.0,7,-6.0,False,185.55092685920954,6.033810952416751,-0.011183387720571147,-0.755907487586788,0.045337045848873436,4.0,8.164908623277244
2022,12,SF,NO,0.0978327476706566,1.0,-1,13.0,True,198.21794137875418,-5.432867509676014,0.6290677145362502,1.2155897516534373,0.5712795447218993,9.5,5.344218147594953
2022,12,PHI,GB,0.1485917126469114,1.0,-3,7.0,True,169.5398175361629,4.1170415189238945,-0.08332256937030724,0.6816126411898613,0.04374527919053389,6.5,6.482640570535398
2022,12,IND,PIT,-0.0587776626493855,1.0,0,-7.0,False,102.45659433427613,0.7724531964269519,0.02189889324900607,0.0223627556179134,0.9753128745930316,2.5,3.181246813316122
2022,13,NE,BUF,-0.1376497017152612,1.0,0,-14.0,False,-70.32843685395142,0.7693799964738186,-0.08514349773454111,-0.37540394058674664,0.13914030832643998,-3.5,-3.476581983886833
2022,13,ATL,PIT,0.0125294990204908,1.0,1,-3.0,False,9.83044600164908,-3.5544117075235344,0.1741431269960323,0.3236846067164838,1.262349262229001,-1.0,-1.450474105802848
2022,13,BAL,DEN,0.2200984003506843,1.0,0,1.0,True,285.396821636165,2.0205096187878056,-0.05966254462428733,0.07849118223913587,0.5282048236707578,9.5,9.780046741264565
2022,13,CHI,GB,-0.0847667275530398,1.0,0,-9.0,False,-38.37888240871234,-4.314468736353914,0.41176135800394764,-0.5561904135051555,0.18041292206810272,-4.0,-3.3284617066047177
2022,13,DET,JAX,0.0093471041593143,1.0,3,26.0,True,105.26412382971989,-1.1164806218238397,-0.27387575246285634,0.3560435209617193,-0.8330564084545882,1.0,1.0759139374358568
2022,13,HOU,CLE,-0.2778049106756527,1.0,0,-13.0,False,-107.1356084543836,-5.599484079922832,0.5061752081662245,0.10824622793231053,-0.5434875517900277,-7.5,-6.238854577925133
2022,13,MIN,NYJ,0.0146441507642357,1.0,3,5.0,True,187.1326555295609,6.926884405231347,-0.019166640001942792,0.013276036877607034,0.24532930557168028,3.0,8.68277748535775
2022,13,NYG,WAS,0.032792052702847,1.0,3,0.0,False,-11.67473639961986,2.5587488818844264,-0.21356467371479182,-0.6447331048482744,0.39338598714654205,-2.5,-0.826005266152567
2022,13,PHI,TEN,0.1951376293095784,1.0,0,25.0,True,66.7981351554215,1.3057966763265216,0.2189820876097759,0.2348329429320266,0.16954001814465813,5.0,2.5144786008447184
2022,13,SF,MIA,-0.0245942880462837,1.0,0,16.0,True,120.12593524976182,-3.1040331115673876,0.10169005472628223,0.38151838613822453,0.3715790182766393,4.5,2.068032040752124
2022,13,CIN,KC,-0.1192404136091473,1.0,0,3.0,True,-60.03159843714411,3.2274426577213977,-0.19078152831574346,-0.3255622670952696,-0.22687276133165268,-2.5,-2.394799304609612
2022,13,LV,LAC,0.1290887717499859,1.0,0,7.0,True,53.264514046964905,-1.9686343453796955,-0.22026390006289454,0.3216943894313494,0.11019297496345737,2.5,-0.7140346602636871
2022,13,DAL,IND,0.1888965277827745,1.0,4,35.0,True,244.61146572041935,-1.524890706904765,0.03065793219198154,0.10741336164319576,-0.06499925125493716,11.0,6.862602996823226
2022,13,TB,NO,-0.0098639060054707,1.0,0,1.0,True,155.81579559862985,-3.2475966982435756,0.2850329459024419,0.10138755225196319,-0.3254309262220771,3.5,3.4838804930303358
2022,14,BUF,NYJ,0.1833882454432265,1.0,3,8.0,True,311.0258103899571,3.7937265391155286,0.021872435663070178,-0.046432911294201906,0.3682103512492499,10.0,11.713800177754221
2022,14,CIN,CLE,0.0840409044199053,1.0,0,13.0,True,172.28270777887906,1.2808867862037738,0.26033567552215064,0.6350010008113034,-0.7059729265793698,4.5,6.026142838459032
2022,14,DAL,HOU,0.3229302484338292,1.0,0,4.0,True,435.3888673196027,4.1506809525960975,-0.33216556405516195,0.014864391770892382,0.25902219267881144,17.0,15.133810133981916
2022,14,DET,MIN,0.0962541051900077,1.0,0,11.0,True,-106.43110712626844,-4.020311934495462,-0.1835223153271608,0.005203409710599238,0.10298637688172207,2.5,-7.162009268893871
2022,14,NYG,PHI,-0.2227450040499616,1.0,0,-26.0,False,-151.3498678879307,-0.870940389359359,-0.20491454729724223,-0.9431837653282613,0.020945040212649868,-7.5,-7.508510963836089
2022,14,PIT,BAL,-0.0632731248697527,1.0,0,-2.0,False,-27.729542443545142,2.7915276142870367,-0.45846488536347607,-0.004234295567202007,-0.8153329872925172,1.5,-2.3765046923605073
2022,14,TEN,JAX,-0.0468407454879217,1.0,0,-14.0,False,308.6127502859156,2.564093572626698,-0.3811635066075456,0.6463478641172766,-0.6575464329897761,3.0,9.575020224526517
2022,14,DEN,KC,-0.3344001056724642,1.0,0,-6.0,False,-268.807451800777,-3.7505892912353134,0.20898357571990234,-0.9903509257162373,-0.5162134179704716,-8.5,-11.972726624459078
2022,14,SEA,CAR,0.1465245371000851,1.0,-7,-6.0,False,203.74784984759162,10.108495537740462,0.257079528329514,-0.5641181340009999,-0.056243462720599935,3.5,11.11408378055688
2022,14,SF,TB,0.0946122913205456,1.0,1,28.0,True,145.02905287980525,-1.3683500701849953,0.3455528068255336,1.1054995099054739,0.7964656627323494,3.5,4.688891395501409
2022,14,LAC,MIA,-0.1982867712055345,1.0,0,6.0,True,-15.789799840297064,1.8750168855115845,0.06932237399065633,-0.818305169267753,0.41524603609663263,-3.0,-0.602272994959117
2022,14,ARI,NE,-0.0791909832647255,1.0,4,-14.0,False,-9.963101490055806,-0.22601660095873577,0.21463156461669985,0.248424495636581,-0.3244008865190453,-2.0,-0.9827937094075239
2022,15,SEA,SF,-0.0605507039536581,1.0,0,-8.0,False,-65.96942381092845,7.976551290120813,-0.2614756164904577,-1.513078254659617,-0.16987729627084303,-3.0,-0.7241008416519481
2022,15,MIN,IND,0.0844677778453638,1.0,-7,3.0,True,178.34907267515155,1.2984654081640994,0.3307995327272262,0.19505278211840177,-0.5263130950606292,3.5,6.289551879569348
2022,15,CLE,BAL,-0.0383969091912281,1.0,0,10.0,True,-49.50349168490584,3.516111901394305,-0.5647468092315933,-0.020094376499439126,0.30002456011228246,2.5,-2.71277601557398
2022,15,BUF,MIA,0.0549527426610816,1.0,0,3.0,True,252.82859271847087,-0.2125140084151962,-0.07092514002562433,-0.4604308017499945,0.214309537684696,7.0,7.3912810685446875
2022,15,CAR,PIT,-0.0565622687968489,1.0,0,-8.0,False,18.31909201513281,-5.642464781293618,0.09520257330769288,0.010937585500477687,0.9538999742882055,2.5,-2.515410928092294
2022,15,CHI,PHI,-0.2666242145232517,1.0,7,-5.0,False,-228.00532853060167,-7.859222576395517,0.5461636460682424,-1.1074490399359331,-0.11857731569502639,-8.5,-11.22003632117993
2022,15,HOU,KC,-0.4366161157461322,1.0,0,-6.0,False,-351.23898059774524,-2.7442156085961464,0.06709250746723816,-0.8829937027276905,-0.09594935131120563,-14.5,-14.626235064063406
2022,15,JAX,DAL,-0.0007175487283165,1.0,0,6.0,True,-213.3790557962143,-0.7511044765646708,0.3486143601557683,-0.3287500874828728,0.3298706660940077,-4.0,-7.859590246975058
2022,15,NO,ATL,0.0006318062572063,1.0,-1,3.0,True,109.73654808984566,4.326130419166142,-0.18610857588205976,-0.36545191133451177,-0.8610289843525862,5.0,3.801475757583731
2022,15,NYJ,DET,-0.1695626060982923,1.0,0,-3.0,False,61.26824081206655,-2.8381306619532243,0.1702272266691387,0.148940749990625,-0.10184868831064543,2.0,0.12746907582461287
2022,15,DEN,ARI,-0.0553494495920207,1.0,1,9.0,True,-4.918261947994097,-3.258383525105443,-0.031537442706800256,-0.11510670647701937,-0.34054614274760175,1.5,-3.012999381514671
2022,15,LV,NE,0.089164549687639,1.0,4,6.0,True,-10.878237120897438,0.33780965723445566,-0.09531076725566612,0.30775668202051387,0.22464943420482664,1.0,-1.406169146858577
2022,15,LAC,TEN,-0.0312130474238131,1.0,0,3.0,True,2.5139100569433595,0.17334693895615816,0.5428610528967623,-0.500842040286681,0.1968322996545393,3.0,0.5533976008398982
2022,15,TB,CIN,-0.1458206302881327,1.0,0,-11.0,False,-16.60161341669368,-4.175109868983838,0.10669610556067344,-0.6894449907524085,-0.5275616054639654,-3.5,-3.6245326806010327
2022,15,WAS,NYG,-0.050842764050675,1.0,7,-8.0,False,159.40510395976867,-2.7955759530052635,0.16007211501588658,0.6898489244639262,-0.3917303939125733,4.5,3.674068605440411
2022,16,NYJ,JAX,-0.1493893747661722,1.0,0,-16.0,False,92.77954660816386,-3.650505525075416,-0.06302844230569526,0.45009292114323235,-0.9907212435235692,2.5,-0.06900147844856441
2022,16,BAL,ATL,0.0324280491064358,1.0,1,8.0,True,233.6646310653091,0.7712230426577187,0.3304248445007314,-0.18403480681903112,-0.15430220311301113,6.5,8.228431455755194
2022,16,CAR,DET,-0.1657226024194663,1.0,0,14.0,True,6.686871995508909,-1.790149341339243,-0.11425655741913898,-0.049119606114081005,0.43058289158946206,-2.5,-1.9236786869074516
2022,16,CHI,BUF,-0.2093198108335897,1.0,-1,-22.0,False,-293.4863985840054,-3.8296462214890807,0.4868710005114534,-0.8029522033826764,0.1711266568240607,-8.0,-11.842120019768503
2022,16,CLE,NO,-0.0078577101897611,1.0,1,-7.0,False,109.63078568810852,-0.23446652214569075,-0.0697021923060901,0.1648595610920038,0.8411747734256586,3.0,2.7094478669835382
2022,16,KC,SEA,0.1894266180969279,1.0,-3,14.0,True,266.8225457870117,-5.652698359013287,0.011010809112029118,1.4117080017492336,-0.10042389501688853,10.5,5.660807506468194
2022,16,MIN,NYG,-0.0356954642265959,1.0,1,3.0,True,205.7477633525241,0.7630286140787081,0.23104238940733657,0.5970099151627107,-0.3997650966318498,4.5,6.979934397695391
2022,16,NE,CIN,-0.1262684363261809,1.0,0,-4.0,False,-40.914143482776126,-4.005482801685695,0.28190756698289965,-0.8313751588954741,0.3895846384033974,-3.0,-3.603233845312877
2022,16,TEN,HOU,0.1869644356213962,1.0,0,-5.0,False,313.6057178274623,5.224775629900994,-0.314742661096453,0.26757664580815493,0.1225437935690569,3.0,11.410471530713616
2022,16,SF,WAS,0.1626141177964089,1.0,3,17.0,True,266.3066871559199,-1.956568054162954,0.29444914165534053,0.7229614817701163,0.4329850136843769,6.5,8.376021825943738
2022,16,DAL,PHI,-0.1453115293114601,1.0,0,6.0,True,34.839302904525084,-2.6479338487155797,-0.23236805805286043,-0.4409677311623983,0.0014595699868195644,4.0,-1.86372956417764
2022,16,PIT,LV,-0.0994118042109041,1.0,0,3.0,True,74.3398849040725,2.254834629035472,-0.3219233013668865,-0.08124809887143425,-1.0152624589911348,2.5,1.2269784792718212
2022,16,MIA,GB,0.0699906359977423,1.0,2,-6.0,False,60.81717183539399,0.6155742187812143,0.031370344020865026,0.6688452778708013,-0.008187683940405616,3.5,1.4878108086314032
2022,16,ARI,TB,-0.0633293744656872,1.0,0,-3.0,False,-43.00627922376225,-0.24690357554460407,0.3778427664899082,0.1254062317320887,0.47414216002570775,-7.5,-1.517283226497721
2022,16,IND,LAC,-0.0531222708341954,1.0,1,-17.0,False,15.998025017581313,-0.33481623780545355,-0.6027230479435182,0.03558217261417507,-0.02121562930675358,-3.5,-2.401420440303296
2022,17,TEN,DAL,-0.1174252748547921,1.0,0,-14.0,False,-81.4943237918776,1.0168996247966051,-0.014162175619364614,0.23435262764207332,-0.12820982261499286,-14.0,-3.566996678825253
2022,17,ATL,ARI,0.0935492748581743,1.0,1,1.0,True,67.10395816553728,-0.6984543269638912,-0.490431042280453,0.03861085534414832,0.6542740461688076,7.0,-0.22924062131565037
2022,17,DET,CHI,0.1690307671343184,1.0,0,31.0,True,163.46034306274873,2.9717643591527443,-0.7201991141753084,0.7357378120685854,-0.331943103876798,4.5,3.910855474797822
2022,17,HOU,JAX,-0.3206831174725949,1.0,-2,-28.0,False,-69.77159462843883,-2.41117321461017,-0.08802502900031328,0.25503114008191696,-0.6606078269630529,-3.5,-5.197767902439457
2022,17,KC,DEN,0.3706011365457871,1.0,1,3.0,True,424.9603786198388,3.3764391492459733,-0.24486909829871584,0.9226218780914645,0.393224642131462,13.5,14.84271059389984
2022,17,NE,MIA,-0.0945358376066254,1.0,1,2.0,True,89.18018749982548,-0.2373202897518829,-0.057189858587024744,-1.0176077041433063,0.3264913916225969,3.0,1.6999820378938537
2022,17,NYG,IND,0.149791915867547,1.0,2,28.0,True,75.20474377994901,0.718151339442175,0.1230923431748745,-0.24749534467742365,0.0007710703492110893,5.5,2.191157221176363
2022,17,PHI,NO,0.1686980404734999,1.0,0,-10.0,False,220.7189551071085,1.209845586465562,0.3480475606228506,0.6576616934874047,0.5145345835557169,5.5,8.354756263066381
2022,17,TB,CAR,-0.0162586166944222,1.0,-1,6.0,True,146.9432850273813,1.8096633017410209,0.15251220096736917,-0.07066926392858108,-1.0422361403468756,3.5,4.851546596030573
2022,17,WAS,CLE,-0.0529212974066204,1.0,0,-14.0,False,41.39252481815765,-2.1837828686964498,0.4142916918128128,0.2777269744068436,-0.6726948578866563,1.0,0.25267446461947607
2022,17,LV,SF,-0.0686679022669626,1.0,0,-3.0,False,-127.10456011271822,2.019818040133133,-0.31110834521375885,-1.0092011321138743,0.09297893421460957,-10.0,-5.592170390026754
2022,17,SEA,NYJ,0.118586991127196,1.0,-2,17.0,True,157.77748254329822,9.545600826973171,-0.028915522801915117,-0.6690430524521295,0.4831959284626024,-1.0,8.738764457313211
2022,17,GB,MIN,0.0424786352994546,1.0,-1,24.0,True,29.527823973543946,-4.263432126822858,0.06055518817137928,-0.20516009738278257,0.15616458343780884,3.0,-1.8973526135254897
2022,17,BAL,PIT,0.0320165880640418,1.0,0,-3.0,False,125.61790614715528,-3.5629311037401137,0.42422037868611984,-0.03927399806252113,1.1663571820884493,1.0,3.1753450091835784
2023,4,GB,DET,-0.0944451593625836,1.0,0,-14.0,False,118.90166594944753,-4.274807889519601,0.06265793895653404,-0.2349737058823228,-0.5559458080535432,-2.5,0.9735507604164768
2023,4,JAX,ATL,0.0102405164048678,0.0,0,16.0,True,56.2247900378145,3.134415142734979,0.14167332026863821,-0.441026534630305,-0.43307348709836857,3.5,2.465825639587411
2023,4,BUF,MIA,-0.2561436749818127,1.0,0,28.0,True,183.69101953714562,0.5320551686234309,-0.11116742252293799,-0.20657117822507476,-0.9422681336652821,2.5,4.817743517000428
2023,4,CAR,MIN,-0.0336215205963702,1.0,0,-8.0,False,-16.216757233833505,-4.45989753475015,-0.293126996007246,-1.2397956147764368,0.12385037553517501,-4.5,-4.69194774349689
2023,4,CHI,DEN,-0.1561641366931311,1.0,0,-3.0,False,25.78767352965383,-2.7311714232760247,-0.08950272266329495,0.8535599071456637,0.6589583686873062,-3.0,-1.4343080636228578
2023,4,CLE,BAL,-0.1286449230680957,1.0,0,-25.0,False,64.22904636921157,-3.4707180561638014,-0.0740877346662634,0.6816842991190624,-0.21116670051184436,-2.0,-0.712096776872114
2023,4,HOU,PIT,0.0545509185293878,1.0,0,24.0,True,-107.03781743167474,1.3150832275833282,0.3341120975897347,-0.33363514347802936,-0.7782965877387191,-3.0,-3.619409889500047
2023,4,NO,TB,0.1402187271343439,1.0,1,-17.0,False,79.97438173831029,3.3121599101029244,-0.14721545669785252,-0.8371525097867893,-0.16741976625856714,4.0,2.6466414436846666
2023,4,PHI,WAS,0.2535054434073122,1.0,-1,3.0,True,225.98670018865823,3.472156420713179,-0.24519772185910815,0.7828558667461701,-0.3238751010674722,9.5,7.640026133295134
2023,4,TEN,CIN,-0.1567151528126543,1.0,1,24.0,True,-37.99467996513954,-2.7470394482236884,-0.17594462804115318,-1.0892853303149603,0.0695878329804132,-2.5,-4.3211968257886975
2023,4,LAC,LV,0.2876292908374109,1.0,0,7.0,True,125.7453737515882,2.2375782663483186,0.5227134665107762,0.30387689253286465,0.13142207152308644,7.0,5.850548728319758
2023,4,DAL,NE,-0.0063783846244906,1.0,0,35.0,True,167.3116793164852,4.904577816023775,0.18081284766777284,0.6391482983776982,0.18365095368093484,6.5,7.601908142589631
2023,4,SF,ARI,0.1996644762139857,1.0,3,19.0,True,316.828865725623,2.497696885779228,0.09993688769035991,2.346718688678897,0.3759162003545383,15.0,11.833598354959525
2023,4,NYJ,KC,-0.1711660656917396,1.0,0,-3.0,False,-188.73651160474378,-1.5446426403356266,-0.8276545477492459,-0.28087548446490557,0.343095009034413,-9.5,-10.66336318344452
2023,4,NYG,SEA,-0.0988631326494649,1.0,3,-21.0,False,-8.28036432057047,-3.4590355195194658,0.142905450751305,0.04716448831788367,0.34635185040703825,-2.5,-2.438519034110346
2023,5,WAS,CHI,0.0991646329415743,1.0,0,-20.0,False,208.613550680559,1.4118729198056614,-0.3404384664254865,-0.6897675673014152,-0.016021707362868565,6.0,5.74784999486427
2023,5,BUF,JAX,0.1433414247645805,0.0,0,-5.0,False,276.11735744754264,3.458237631176089,0.23790980098532621,0.7231654279806194,0.9045973804986072,5.5,11.153284621455532
2023,5,ATL,HOU,-0.1655096829091427,1.0,0,2.0,True,94.20830446794389,-4.595684740940609,-0.2674111636476457,-0.7057214572106771,0.4901309906961283,2.5,-0.6628827511737967
2023,5,DET,CAR,0.2904480752626542,1.0,3,18.0,True,204.15421861594632,3.386489366966549,0.374989797556359,1.5347937928635451,0.38776444979752905,9.5,9.005831884805135
2023,5,IND,TEN,0.01449948846786,1.0,0,7.0,True,-13.992636422781288,-0.38814799493904784,0.1710832952521515,0.2183239306569305,0.24657348684674968,-2.5,-1.2088810064961368
2023,5,MIA,NYG,0.5583622766452376,1.0,1,15.0,True,190.39551568058891,2.1095791293507813,0.0579775461308536,0.3474597016232678,1.3329261096066922,12.5,7.2124957184536775
2023,5,NE,NO,0.0816305603770791,1.0,0,-34.0,False,54.00062049371877,-3.986322407605419,-0.10065127942478469,0.27658372273959797,0.33760624685193474,2.5,-1.2194003272293994
2023,5,PIT,BAL,-0.3293332875714817,1.0,0,7.0,True,-11.869013223674756,-2.2671841709150597,-0.582082347407566,1.1058079000916288,0.39915615429265644,-4.5,-3.983427835407999
2023,5,ARI,CIN,0.0637210578167513,1.0,0,-14.0,False,-46.06176956358968,-1.0915472090422043,0.2202202786656522,-0.7626815761901018,0.8166627954170949,-3.0,-2.4324072526641185
2023,5,DEN,NYJ,-0.1231066951663924,1.0,0,-10.0,False,50.64689516488738,4.376461852066562,0.577403323079734,-0.3520896128909412,-1.23931682371042,2.5,3.7831237867583916
2023,5,MIN,KC,-0.1212871796166472,1.0,0,-7.0,False,-92.788939665405,4.753641928239732,-0.6036415230612278,-0.19674786446561354,-0.6557551217660832,-3.5,-4.114486483791131
2023,5,SF,DAL,0.265164644274349,1.0,0,32.0,True,141.1661218049146,-1.3374010777798975,0.441234968115261,1.9778540245022564,1.4179824005387351,3.5,5.152201238603457
2023,5,LV,GB,-0.1325027948622719,1.0,-3,4.0,True,-16.40348920675092,1.0394883483742898,-0.6100932656595526,-0.4113240927240668,0.03979394828801258,1.0,-3.0485708849944575
2023,6,KC,DEN,0.2275127957660389,1.0,0,11.0,True,387.5534642000973,-3.627513356939089,0.29995580736655203,0.5641194019670785,0.9253252553077734,10.5,11.92621459539618
2023,6,TEN,BAL,-0.0426770127656746,0.0,0,-8.0,False,-12.623560586083158,-3.1261156088890862,-0.4140710385929416,-0.5431167787932576,0.026373019328806507,-5.5,-4.2370991572908325
2023,6,ATL,WAS,0.07942222470346,1.0,-3,-8.0,False,84.06002545504907,-4.345058492360217,-0.2972950809344841,0.4249798173264169,-0.06061711447188178,1.5,-1.0759388953047946
2023,6,CHI,MIN,-0.1018918349488854,1.0,3,-6.0,False,-69.33367331735826,-2.818343300827267,0.32605552185267017,0.7258067809691482,0.5379095547491793,-3.0,-3.606417518036251
2023,6,CIN,SEA,-0.0610233623933785,1.0,-6,4.0,True,77.30185839114938,-1.499962901887739,-0.0139893814660641,0.4563089883577185,-0.019112456426287228,3.0,0.7297223800616468
2023,6,CLE,SF,-0.5503884185234752,1.0,7,2.0,True,-141.47652229134837,-5.0030685458567605,-0.17543891310679127,-1.6133376140911677,-1.319135476040442,-9.5,-9.409794818172726
2023,6,HOU,NO,0.113594397367566,1.0,0,7.0,True,-58.32315230975951,-2.4739220570956117,0.23873389331839068,1.4890799466823803,0.4707461358026849,-2.0,-3.282683720562669
2023,6,JAX,IND,-0.0402642279313368,1.0,0,17.0,True,124.10124849076738,1.1064365107179648,-0.09473399529208892,-0.1592348484952546,-0.763261358077722,4.0,3.1459444782587322
2023,6,MIA,CAR,0.4242221907844283,1.0,0,21.0,True,231.6361036513929,3.6173081840505747,0.49260182312883094,1.7363293487531726,1.9528623249099464,14.0,10.90515701571321
2023,6,LV,NE,-0.0674063998061131,1.0,-1,4.0,True,86.65533012439732,0.33225624176330704,-0.07246971665674629,0.004782120664175771,0.14125152569001553,3.0,1.851986002520821
2023,6,NYJ,PHI,-0.2361871774901433,1.0,0,6.0,True,-156.8241619765795,-6.832945194631863,0.0477433575407078,-0.5946069312360184,1.1196660270114442,-6.5,-9.330196640244463
2023,6,TB,DET,-0.1924209617447919,1.0,7,-14.0,False,56.02029221446492,-0.3135839141595862,-0.2768977196652571,-0.18030457281304413,-0.8597812125779987,-3.0,-0.28040958886673994
2023,6,BUF,NYG,0.3081844634048648,1.0,0,5.0,True,327.47486812672037,3.1918707921353557,-0.04344408576496761,0.2659206685874276,0.3973911347958401,15.5,11.818736135752163
2023,6,LAC,DAL,0.1522756304723595,1.0,7,-3.0,False,-2.6031144607936767,-2.9266936924508835,0.2623369288949915,-0.21743749600895407,0.04348446587929995,-1.5,-1.679016225215328
2023,7,NO,JAX,-0.0837263590641653,1.0,0,-7.0,False,45.70264020292029,4.271114060059165,-0.23040414034417678,-0.1775403544921651,-0.5484428364199955,2.5,1.5680998425163128
2023,7,BAL,DET,-0.1652239109158287,1.0,0,32.0,True,65.28712759371001,0.4937829304534518,0.11721272826748752,-0.5155760208948286,-0.17167295572061658,3.0,1.5539774481987738
2023,7,CHI,LV,0.032850750401422,1.0,0,18.0,True,-48.19396056603682,0.7062216414722935,0.6580312189851374,1.0682427635670046,0.5946852060217098,-2.5,-0.30669802252454836
2023,7,IND,CLE,0.1659949088555936,1.0,0,-1.0,False,-26.649048093544025,0.42246667820113926,-0.14531056503868678,-0.9188061704687627,0.6680579320661056,-3.5,-2.137576450273299
2023,7,NE,BUF,-0.1193541488273089,1.0,0,4.0,True,-177.83382390615907,-3.930638225295637,-0.43740776516169655,-0.39765344909072037,-1.032247968363273,-7.5,-10.777164350528292
2023,7,NYG,WAS,0.0102807112483615,1.0,0,7.0,True,5.827666730512419,-0.9385162116672281,0.15380462781116577,0.08625976376604114,0.0616841260413048,-3.0,-0.901945676570409
2023,7,TB,ATL,0.1195808337993362,1.0,0,-3.0,False,152.54956144343964,3.7245227532933316,0.144420469541509,0.08085682538217587,-0.7229317279052018,3.0,6.074850423138319
2023,7,SEA,ARI,-0.0403646228256084,1.0,0,10.0,True,215.02286992338873,4.656955029908022,-0.22078024456978795,0.19111092513194589,-0.7897857683676438,9.5,7.632859268551824
2023,7,DEN,GB,0.0311034403736393,1.0,-3,2.0,True,-74.32508421961893,3.874142514603787,0.08401947656072783,-0.6670630647724698,-0.18186954880048262,1.5,-1.9045388763775986
2023,7,KC,LAC,0.1181327516650993,1.0,4,14.0,True,248.40548608312633,-2.5190166397060065,0.54490285562827,0.1488328743912386,0.5576119708731122,5.5,8.183148076314902
2023,7,PHI,MIA,-0.2422627802372641,1.0,0,14.0,True,136.19083832765523,2.197076001761471,-0.5712420271508383,0.016192973804921795,-2.118834314104501,3.0,2.2739142252221587
2023,7,MIN,SF,-0.3331243057880584,1.0,0,5.0,True,-111.42401017160773,0.11774150418785023,-0.35358373704774637,-2.225413116712457,-1.4562798169655256,-7.0,-6.754115597123585
2023,8,BUF,TB,0.0959797945183685,1.0,0,6.0,True,218.69486088175768,2.562342058125382,0.2903893909371238,-0.05071544988034826,1.2245754641161373,10.0,8.897055575966592
2023,8,CAR,HOU,-0.1480821031848858,1.0,0,2.0,True,10.799726498672726,-1.5456622780032796,-0.19113624080506408,-1.9999900677574418,0.1417520219836016,-3.0,-2.2195411282854582
2023,8,GB,MIN,-0.1726787150782913,1.0,1,-14.0,False,14.597511360479984,-5.2035716698279675,0.30320541076013674,0.17335475143278434,0.005709465395939584,-1.0,-2.1559438347802065
2023,8,IND,NO,0.1206467132727091,1.0,-3,-11.0,False,5.941636574070344,-5.091098481369757,0.30707503345333187,0.5714421585666939,1.2494595283985346,-2.0,-1.9785308029986215
2023,8,MIA,NE,0.3000265374905648,1.0,0,14.0,True,165.98015196434994,2.790187107195359,0.5991399516648883,0.7460566764451244,2.2560664531875894,7.5,8.504580546930148
2023,8,NYG,NYJ,-0.0352565562323434,1.0,-7,-3.0,False,17.586899878355553,3.1720960660887547,0.44257430979590406,-0.18910167172159625,-0.573579043130565,-3.0,1.7969513065277187
2023,8,PIT,JAX,-0.1161934224605308,1.0,-3,-10.0,False,66.52383587534723,1.7184537297649156,-0.3589329236238017,1.4675228950479497,0.6772246670563784,-2.5,1.3045074913455643
2023,8,TEN,ATL,0.0485661898007983,1.0,7,5.0,True,85.02847637549644,1.2489029097751614,0.07595897491005887,-0.7406965594717355,0.13957364000170722,-2.5,2.737202306255641
2023,8,WAS,PHI,-0.2007181341114513,1.0,0,-7.0,False,-150.13934469475066,-3.2448721887668763,0.30608699422239205,-0.9641317874828335,0.5114505852011365,-7.0,-6.967687234345161
2023,8,SEA,CLE,0.2375912806034163,1.0,0,4.0,True,83.72896731052333,6.693638334140022,-0.15769448587406254,-0.6184395630238402,0.03752158035180298,4.0,4.395775217638866
2023,8,ARI,BAL,-0.1113724348018704,1.0,0,-7.0,False,-168.2783688704676,-4.266892948445166,-0.030495747041103805,0.06269387207385924,0.6389111790100692,-9.5,-8.832073609841478
2023,8,DEN,KC,-0.2015370086383872,1.0,0,15.0,True,-262.2827862452268,2.8099741463255135,-0.31938283185852523,-0.6418881840539777,-0.6234976465414857,-7.0,-10.169320809861041
2023,8,SF,CIN,0.272716588634034,1.0,-8,-14.0,False,168.69571249392106,1.081289076479748,0.30384486921727305,1.616140290456086,1.1208479845040316,4.0,6.515414687280005
2023,8,LAC,CHI,0.0723767534850157,1.0,0,17.0,True,180.27746189230857,1.0986244502009694,-0.13717713067516257,-0.6799876262548864,-0.5581772887052243,9.5,4.997150564428454
2023,8,DET,LV,0.3557169297952392,1.0,0,12.0,True,180.86201355242247,3.0712085575867625,0.4933035884958321,0.7705440707556145,0.5308266015531447,7.0,8.273553118945015
2023,9,PIT,TEN,-0.0632405507348543,1.0,0,4.0,True,110.90447556076629,1.4162483269413921,-0.20608328233817286,1.5809795921350054,0.2334801058155077,3.5,3.07242195782516
2023,9,KC,MIA,-0.1666291599869046,0.0,0,7.0,True,169.66660196931684,-3.2676638072166577,0.3456952871560399,-0.25088114274779005,-1.4689552724500876,1.0,3.67342428516994
2023,9,ATL,MIN,-0.1204372911555953,1.0,0,-3.0,False,-78.66797222341233,-5.2951047847026596,-0.25208071872728244,0.012923940917351717,0.45357205180982524,3.5,-6.878709168132826
2023,9,BAL,SEA,0.0808811395039924,1.0,0,34.0,True,127.40245420914994,-1.029470706863954,0.25022258096517414,-0.15762510021925258,0.12347555838878668,6.0,3.555038870391284
2023,9,CLE,ARI,-0.1623705015794778,1.0,0,27.0,True,214.72928734917627,-1.799997733505068,-0.07158440669121102,0.8699033981778486,-0.7338356475158094,13.0,5.144648440267561
2023,9,HOU,TB,0.0861600513281333,1.0,-3,2.0,True,-1.8851740545740086,-0.016995784080567344,0.07823257235585679,0.7501823288528351,0.3786673465879828,2.5,-0.8256507647506472
2023,9,NE,WAS,0.0931325085714361,1.0,0,-3.0,False,73.54427297052189,-1.9528609932957375,-0.3216034943160855,0.06320701813088697,-0.6902819776376146,2.5,-0.5945546022668324
2023,9,NO,CHI,0.0546743356776802,1.0,0,7.0,True,195.6775287067237,3.548983051618247,-0.5372344905604725,-1.2344711811935232,-1.0926208763581169,9.0,5.294297528710066
2023,9,CAR,IND,-0.1344388577394976,1.0,0,-14.0,False,52.62184852226528,1.1332894416647505,-0.27331272244018523,-1.2267125448666398,-0.7802338520216253,-1.5,0.024629220845421962
2023,9,LV,NYG,-0.0411624299923137,1.0,-1,24.0,True,86.8236729667567,-2.831251618215463,-0.5545102262460104,-0.2164483486329145,-0.5020054521889704,1.0,-1.1963464298763071
2023,9,PHI,DAL,-0.0096040805591417,1.0,0,5.0,True,104.79286580546272,0.4406558522716937,-0.11989481840451965,0.4583418203779761,-0.0869330543810676,3.5,2.4073700526046427
2023,9,CIN,BUF,-0.1121414646770004,1.0,-3,6.0,True,19.61410908462244,-1.379535601003627,-0.12168273489622505,0.29878688468236403,-0.5000353081604691,1.5,-1.6442942690494808
2023,9,NYJ,LAC,-0.1804528768543317,1.0,0,-21.0,False,25.489105035675493,-3.97856154546394,-0.4204079469677686,-0.027581049722951945,0.9560988935350692,-3.0,-2.954844284674153
2023,10,CHI,CAR,0.0579478469249237,1.0,0,3.0,True,77.24378428944237,0.7517841477583446,0.4992655751671573,1.9162009144284642,0.4713894421505963,3.0,3.7006766168603473
2023,10,NE,IND,-0.0819882082356624,0.0,0,-4.0,False,54.406191614102454,1.365303451134939,-0.3731029663130232,-0.2211042479274791,-1.005998974150148,-1.0,-0.03300127416109966
2023,10,BAL,CLE,0.3292503506235922,1.0,0,-2.0,False,177.9477758659084,6.16216167324291,0.06993838304910183,-1.0179517343830367,0.18144970537965355,6.0,8.075107224938385
2023,10,CIN,HOU,0.0438672307632003,1.0,0,-3.0,False,263.0152693898044,1.0358506462312351,0.021576763423366785,-0.45470937099734654,0.32487953327317554,5.5,8.618687468797452
2023,10,JAX,SF,-0.1965015855223287,1.0,0,-31.0,False,0.10060148105526423,-2.630864858439551,-0.4106678979185001,-2.4449440926341044,-1.3348295578033895,-3.0,-4.273556478155543
2023,10,MIN,NO,0.0314786396562289,1.0,0,8.0,True,131.57500111859576,-0.22911975775858595,0.19504180699778928,0.7506334977241123,0.3124785297544142,-3.0,4.087241148810358
2023,10,PIT,GB,0.2019200400474441,1.0,3,4.0,True,108.8407838467001,2.500635464522089,-0.6095842461919592,0.6122690534050711,0.8237645954599068,3.0,2.555105730330096
2023,10,TB,TEN,-0.0763583520531442,1.0,-3,14.0,True,74.50211450953793,1.459662005298872,0.06965960102686886,0.743103771573963,-0.7763328481506115,2.5,2.076398155077211
2023,10,ARI,ATL,-0.0304392812526927,1.0,0,2.0,True,-1.6515515775174663,0.3828515885030481,0.44888961503168723,-0.5309275220262322,0.5504494834915591,-2.0,0.36045130567457395
2023,10,LAC,DET,-0.0877028584253579,1.0,-7,-3.0,False,51.192051011168815,-0.5598624906380097,-0.04027994721943662,-0.3276793120859918,-0.570223484854925,-2.5,-0.12919089203708367
2023,10,DAL,NYG,0.2318914297026581,1.0,0,32.0,True,296.01535686408374,3.991734273254976,-0.36743645437813566,0.38123437519481773,-0.516727553146873,17.5,9.880608630821518
2023,10,SEA,WAS,0.0912965496091425,1.0,0,3.0,True,159.55313804621346,1.3251900336603144,-0.06867078335093701,0.21201521657804176,-0.25408242085801896,6.0,4.7881975546536655
2023,10,LV,NYJ,0.0108873028890825,1.0,1,4.0,True,66.69282943556391,0.5504498182032229,-0.11512425703203233,-0.2980176318273418,-0.9586383978057885,-1.0,0.7784724681676858
2023,10,BUF,DEN,0.1928465376086686,1.0,-7,-2.0,False,280.13143870023055,1.9381777940202902,-0.12418831389860774,0.703236256853506,0.9244167530607063,7.5,9.428052021297729
2023,11,BAL,CIN,0.0806930532893335,1.0,0,14.0,True,84.93439802692478,0.4718845108565426,0.18303757660070286,-0.7873455283641767,-0.018049212895083114,4.0,2.457308086325103
2023,11,CAR,DAL,-0.2745438349420189,1.0,3,-23.0,False,-211.584598482076,-6.468828480656033,-0.033116274504473964,-1.4513460480884366,0.09682814038863777,-11.0,-11.68534670506866
2023,11,CLE,PIT,-0.1342095062596328,1.0,0,3.0,True,66.53931880825348,-3.455936990404592,0.5567475508862687,-0.06605263909338732,-0.6363086919185688,2.5,0.8992691470438148
2023,11,DET,CHI,0.2333111930274963,1.0,-3,5.0,True,269.2483480081571,2.0160215519092723,-0.1986307319795193,-0.32760931085388745,0.17184929376254726,8.0,8.588187222744999
2023,11,GB,LAC,-0.2454254872339233,1.0,0,3.0,True,5.258820640945032,-3.236284922670616,0.18035074538698925,0.13797205008635283,-0.15017174896242474,-3.0,-2.0035111648747845
2023,11,HOU,ARI,0.1822712674138498,1.0,0,5.0,True,151.67498272772536,2.924256180297649,-0.21411588385157154,0.9806957955012069,-0.8904392397098577,5.5,4.732695092794179
2023,11,JAX,TEN,0.0601475091858848,1.0,0,20.0,True,161.32274451506532,1.1718835446573972,0.08667863481839744,0.196749711646343,-0.4079950933831516,6.5,5.154925056984647
2023,11,MIA,LV,0.3194096249426114,1.0,7,7.0,True,155.37076432104664,4.019778564848277,0.6795073921056796,0.7651717459286642,2.061467437286511,14.0,9.026199962122545
2023,11,WAS,NYG,0.1192752998898687,1.0,0,-12.0,False,128.00803773821121,1.1797291965734398,-0.16725437624943051,-0.1107756614717764,-0.05561812979932962,7.5,3.3791694240874293
2023,11,SF,TB,0.3090258570274474,1.0,0,13.0,True,244.72919175826337,1.966061859872072,0.47327807112163267,2.0099660029297786,1.67423953851489,13.5,10.469213738707621
2023,11,BUF,NYJ,0.2245386505530844,1.0,-1,26.0,True,250.3658414940062,5.978496345472469,0.42625127918570493,0.3243464397103013,0.10330840829490462,8.0,11.610036318382368
2023,11,DEN,MIN,-0.1502719735068736,1.0,-1,1.0,True,-93.83714430835676,-1.18608975234061,0.3676866787867401,-0.5838225956789945,0.047710539080355274,2.5,-4.0145251972647955
2023,11,KC,PHI,-0.0024643490440996,1.0,0,-4.0,False,67.41558058330952,-6.568109377529037,0.9146631592237395,-0.433505424549663,0.6160751310144887,2.5,0.8901925441099099
2023,12,DET,GB,0.2589016485496863,1.0,0,-7.0,False,161.57810237883177,3.9517107557373565,-0.15027338310469762,0.14175002710503048,0.8915001743092595,8.5,6.247227525222829
2023,12,DAL,WAS,0.2138136593877562,1.0,0,35.0,True,298.0082849277321,3.3387534350667583,-0.21407229871946454,0.47299864998296093,-0.4262688422679445,13.0,10.117053223084424
2023,12,SEA,SF,-0.3044305028693589,1.0,0,-18.0,False,-83.27280755364018,-0.1945566339574034,-0.34354674954266917,-2.1594737278055853,-1.1711102823277302,-7.0,-5.7816796776032415
2023,12,NYJ,MIA,-0.3515335276271552,1.0,0,-21.0,False,-74.97873510718205,-5.0105522961915145,-0.528732971441833,-0.49366073737877747,-1.1027101060130926,-9.5,-8.01313574189477
2023,12,ATL,NO,-0.0540842521465137,1.0,0,9.0,True,-30.696227754776828,-5.544937453670654,-0.0038373600591765644,1.009418817341979,0.8005668148962618,-2.0,-4.38233802167009
2023,12,CIN,PIT,0.0415802161782865,1.0,3,-6.0,False,120.7233716437081,2.2285974264462856,0.3560331297765056,-0.24817012522014803,-0.5736288032730488,-2.0,4.93821124823168
2023,12,HOU,JAX,0.0068361716092018,1.0,0,-3.0,False,-31.86266834089497,1.2847529019741848,0.03866290774154546,1.228496434617989,0.042084131081258774,-1.0,-1.3742947619054524
2023,12,IND,TB,0.0729824356500412,1.0,7,7.0,True,25.751842514798682,-2.6942593753842723,0.14762513582635917,-0.0952166220621159,1.1010757446727628,2.5,-0.53589811415406
2023,12,NYG,NE,-0.1404536882616331,1.0,-7,3.0,True,69.42983526919261,0.777289986457074,0.5331082792949879,0.20203362429847005,0.7579364881693648,-4.5,3.2409125732203226
2023,12,TEN,CAR,0.1306026135219723,1.0,0,7.0,True,161.7582994427969,-0.08258365195030248,0.0682992705830423,0.6700259467144221,0.21045164010512588,3.5,4.816972804681603
2023,12,DEN,CLE,0.1015893874711166,1.0,0,17.0,True,-44.00606572545462,6.0401708076369385,0.18981973939996788,-1.1829437396619067,-0.21025505666616912,1.5,0.4504209144445648
2023,12,LV,KC,-0.2256600703594083,1.0,1,-14.0,False,-143.82629424674678,-0.522751149005783,-1.0117013195057192,-0.43757397859320724,-0.6332185627903936,-9.0,-9.479733643389563
2023,12,PHI,BUF,-0.0095025693387129,1.0,-1,3.0,True,127.67385030525202,2.0751021472499485,-0.47561664318579266,0.32359799965265845,-0.8860629046217428,2.5,2.651423128472654
2023,12,LAC,BAL,-0.0471036766791145,1.0,-3,-10.0,False,-58.4810636851812,-1.9524463622053014,-0.1568282725723349,0.24091993110573995,-0.23635539416345602,-3.0,-4.634617397346856
2023,12,MIN,CHI,0.131205848956538,1.0,0,-2.0,False,280.91522543421934,3.113882105017289,-0.359110333898657,-0.5627092735803485,-0.6026654643508054,3.0,8.816191932605522
2023,13,DAL,SEA,0.1601160730936794,1.0,0,6.0,True,194.9453284189483,2.1961801732094357,-0.17487440208797,0.19986184984548538,0.05280515742336765,9.5,6.236921588400996
2023,13,HOU,DEN,0.0862137080966328,1.0,0,5.0,True,34.33075377959881,-0.3273465137720075,-0.35583030640925317,1.2248908400969067,0.1116575431056182,3.5,-0.8861385064148939
2023,13,NE,LAC,-0.1279474766558312,1.0,0,-6.0,False,-50.30781210761916,-1.382327002371637,-0.3440563929954408,-0.249839696625216,-0.16101952072173673,-4.5,-4.584336289689979
2023,13,NO,DET,-0.1417770328952912,1.0,-3,-5.0,False,-16.087223261549752,1.500206528460892,-0.3936332710908683,-0.9429382665833193,-1.1462404001489146,-4.0,-2.6932453110692705
2023,13,NYJ,ATL,-0.1234218691214488,1.0,2,-5.0,False,32.596326581938,-0.2899199329622295,0.013514231257722997,-0.5093693143190752,0.42410944438120446,-2.0,0.019908343752594426
2023,13,PIT,ARI,0.067153691259896,1.0,0,-14.0,False,297.6574748478831,2.5489490060771876,-0.5606963494660433,0.8864548940099237,-0.06013796857168263,6.0,8.931996454339373
2023,13,TEN,IND,-0.069789747216214,1.0,0,-3.0,False,38.60575009827107,0.7847539592426185,-0.16662300898049187,-0.4625281861452755,-0.3998674408278287,-1.5,-0.09461677334850904
2023,13,WAS,MIA,-0.3006266593879464,1.0,1,-30.0,False,-130.32591302119977,-0.4191672815844518,-0.27514784055274744,-0.7378314564463031,-1.3870476636554627,-8.5,-7.207767053165988
2023,13,TB,CAR,0.1580716212776866,1.0,0,3.0,True,211.23744295707615,1.89593275203076,0.08522836509804455,1.2344294449606252,-0.3857748698928302,4.0,7.368376714971985
2023,13,PHI,SF,-0.1646046409883115,1.0,-3,-23.0,False,62.01280642289635,1.9586667947609238,-0.6484578669023553,-1.4958644646216959,-1.293182628073182,-3.0,-0.5963706572583041
2023,13,GB,KC,-0.1737036352207917,1.0,3,8.0,True,-91.13155562250995,-0.6863419469873033,-0.39627887561525643,-0.016472018124263244,-0.7033204204277079,-5.5,-5.922879068314341
2023,13,JAX,CIN,0.0271309293013176,1.0,0,-3.0,False,71.17141956454952,-2.2880641379856037,-0.049505659041599426,-0.8927164632242406,-0.2714793021505763,10.0,-0.05275271295473338
2023,14,PIT,NE,0.0732935983342681,1.0,0,-3.0,False,208.42466208439305,1.215948185471993,-0.05329312179056789,1.000777693365453,0.9144612075174954,6.0,6.977522972871396
2023,14,ATL,TB,-0.0154297592139411,1.0,0,-4.0,False,44.3383133393711,-3.151934177068134,-0.15920472190628843,0.32597567608041467,0.5471040660598464,1.5,-1.2660867903227713
2023,14,CHI,DET,-0.1866501417489518,1.0,6,15.0,True,-123.3534318596694,-1.0609107804234015,0.1971153137445869,0.3142885882094433,-0.14138922585102354,-3.0,-5.258480664537287
2023,14,CIN,IND,0.0189549896370305,1.0,-1,20.0,True,163.36289615014493,4.7994661367336455,-0.03674628147572934,0.7671735161484863,-0.5815435023259895,3.0,6.540989209722854
2023,14,CLE,JAX,-0.195713684619119,1.0,1,4.0,True,7.393946766609133,-4.232655277162128,0.16320508294163272,0.9608471054640834,0.11827529547349168,2.5,-2.2160342592024787
2023,14,NO,CAR,0.1971680109280943,1.0,0,22.0,True,212.1475683125925,4.413052495525239,-0.09259890263402948,0.6472802311173538,-0.6039888707035228,5.5,7.923698846440276
2023,14,NYJ,HOU,-0.2536098461273862,1.0,0,24.0,True,-17.45044849268379,-4.399509023540864,-0.26776082274270996,-0.9470510623398102,0.6720553345905671,-3.5,-4.435656224300235
2023,14,LV,MIN,-0.1358784009093195,1.0,1,-3.0,False,-71.63598454473822,-5.168133034084233,-0.31466243266558536,-0.3234457319164544,0.06697820892376677,-3.0,-6.902986248962646
2023,14,SF,SEA,0.2829005481992709,1.0,-3,12.0,True,301.81759520177593,0.3350138006870078,0.39940229788084114,1.9222293583504468,1.2843750417510686,14.5,11.279494056710147
2023,14,KC,BUF,-0.0157811321284811,1.0,-7,-3.0,False,90.31584832174326,-3.7892509017588827,0.49719528192844953,-0.03423187920620774,-0.20005814163692043,2.0,1.412341410644384
2023,14,LAC,DEN,0.1020516611985216,1.0,0,-17.0,False,123.29430850092808,-1.5256498596759782,-0.2531599346075746,0.3730973844808079,0.1296663311387492,3.0,1.8459260296181945
2023,14,DAL,PHI,0.0354882592465852,1.0,3,20.0,True,51.41246812065265,0.3044342759423895,0.09047398037478738,-0.4994065141865567,0.061023998883215275,3.5,1.0810988310230325
2023,14,MIA,TEN,0.2183382063926055,1.0,0,-1.0,False,248.97430224725304,4.070192609863544,0.4391421931723021,1.023616442903087,1.3467487920066092,14.0,11.250601810968936
2023,14,NYG,GB,-0.1481309153880714,1.0,7,2.0,True,-65.55571513325617,2.109155210936512,0.0034652525429468284,-0.23163040119570555,0.7793771002774559,-6.0,-2.0470819172228936
2023,15,LV,LAC,-0.1422511748648793,1.0,0,42.0,True,5.84322671175255,-2.119221365741034,-0.3790581637148369,-0.14513410471850907,-0.03760854509310227,3.0,-3.014979665118906
2023,15,CIN,MIN,0.0606834648870598,1.0,0,3.0,True,77.34475338775451,-0.2240912684172245,0.058718852244626696,0.6177306422908128,0.22493798090480618,3.0,1.7782100402512508
2023,15,IND,PIT,0.0408449421456311,1.0,-3,17.0,True,33.24755997205625,-2.181122972043403,0.3846103509821277,-0.8468276105777126,-0.04145781509644253,1.5,-0.09274520245059925
2023,15,DET,DEN,0.1116150196587579,1.0,0,25.0,True,107.83209582428913,-0.6907658565465578,-0.17473074496466978,0.7212538147601826,0.7561332385460142,5.5,2.171721027087367
2023,15,CAR,ATL,-0.1671086936104697,1.0,0,2.0,True,-67.38934509421074,0.7610839475350542,0.11735953595377335,-1.5308908549943534,-0.11419961281903107,-3.0,-3.044569128774399
2023,15,CLE,CHI,-0.0765973194694462,1.0,0,3.0,True,152.30308270060118,-4.041372959034288,-0.2580559118465904,-0.043118545103143724,-0.3870845141001249,3.0,1.4311824956990584
2023,15,GB,TB,-0.0029810752897137,1.0,-1,-14.0,False,107.4536746233066,-1.9631632546594429,0.37377391269013094,0.01315237731541341,0.06726264176038749,4.0,2.7442564311807
2023,15,MIA,NYJ,0.3659833887593154,1.0,-1,30.0,True,248.57020307387916,4.674567556544291,0.5804071741876471,0.5803874706321266,0.9635767284487984,7.5,11.717584078403105
2023,15,NE,KC,-0.1673008493260651,1.0,3,-10.0,False,-174.7999589667695,0.686253014499181,-0.9521657467757145,-0.44700808062105757,-0.6280587115418645,-10.0,-9.77976551708299
2023,15,NO,NYG,0.1146744844459041,1.0,1,18.0,True,112.3744971056426,2.7247191098301307,-0.5294166508277613,-0.5209396665894528,-1.1136399164838264,6.0,2.1461397188575173
2023,15,TEN,HOU,-0.0564258165545418,1.0,-1,-3.0,False,69.33171157154925,-2.552955740857098,-0.11826592996074492,-1.410512388471388,0.27661276799743,3.0,-0.3388216404673976
2023,15,ARI,SF,-0.349874970659614,1.0,7,-16.0,False,-319.8067282340926,-5.554825878315927,-0.1717241699560894,-2.2437048159649287,-0.6234864797229006,-12.5,-15.677501940820045
2023,15,BUF,DAL,-0.0083253499860512,1.0,0,21.0,True,26.617765130691623,-2.394833429143201,0.3676902353888951,0.011564853424427368,0.6631381391759246,2.0,-0.058716484093922716
2023,15,JAX,BAL,-0.1185524975554908,1.0,0,-16.0,False,-71.54453093453458,-1.5894981747239163,-0.344056472850252,-0.22337415621327508,-0.36651454370980635,-4.0,-5.485386695522008
2023,15,SEA,PHI,-0.0817555506482844,1.0,0,3.0,True,-77.464645158866,-2.282153084288201,0.26561347566256766,-0.46528264783907647,0.10264469904127099,-5.0,-4.172845548070891
2023,16,PIT,CIN,-0.1209661601989761,1.0,0,23.0,True,-69.66125500054068,-2.418459826218706,-0.3647487033418795,0.040101309910755445,0.4964656987638475,-3.0,-5.532488820839321
2023,16,LAC,BUF,-0.1123962364303582,1.0,3,-2.0,False,-156.24776541874712,-2.0388375388086373,-0.16713187497104087,-0.2292008861786663,-0.9140491136988722,-13.0,-8.265665797974957
2023,16,ATL,IND,-0.1071892208370924,1.0,-1,19.0,True,-4.147454759422317,-0.5035183574900342,-0.30287438294148794,0.4449476418726415,-0.47454693795939606,3.0,-2.4995098710001704
2023,16,CAR,GB,-0.1653684078414637,1.0,0,-3.0,False,-119.801337040411,-0.05166165283934543,-0.4190550259768884,-1.3099659079984702,0.40531673755939457,-3.5,-6.5372940097494086
2023,16,HOU,CLE,0.1410696520503452,1.0,0,-14.0,False,-7.812070672976461,4.482413774910359,-0.05853100419033197,0.11941215016371642,-0.009616242327004323,-3.0,0.5293648171303165
2023,16,MIN,DET,-0.1234921781156188,1.0,0,-6.0,False,73.76872228063621,1.8687014057354312,-0.19262379559950826,-0.30733871921134925,-0.6462073377528441,-2.5,1.4861617002318344
2023,16,NYJ,WAS,-0.055589556722914,1.0,0,2.0,True,106.87228695272188,-3.7125018810550476,-0.2411211780794713,0.15817650002727413,0.29245819612015966,3.0,0.3097553410562899
2023,16,TEN,SEA,-0.088797333249345,1.0,1,-3.0,False,-31.987743786752617,-3.769389854017393,-0.14038357972701831,-0.6337701024320228,0.20919827178973754,-3.0,-4.374060462666273
2023,16,TB,JAX,-0.0375010419869019,1.0,0,18.0,True,73.48843127220425,0.3150451406128518,-0.007715866521166959,0.42117321431355886,-0.11622388904754133,-2.0,1.555726023930438
2023,16,CHI,ARI,-0.013341199840902,1.0,0,11.0,True,123.71376886591884,2.588719382858337,0.06498148811357973,0.7054934382589426,-0.4372315260948781,4.5,4.48498968303649
2023,16,MIA,DAL,0.1138056290252505,1.0,0,2.0,True,24.768067675669727,-2.3397337307988533,0.5407424088103028,0.3102751092664845,1.5347791694521085,1.5,0.7349604853996068
2023,16,DEN,NE,0.0448383037064327,1.0,1,-3.0,False,161.99888070163934,2.1318883513150295,0.6339404497878607,-0.06395184465843498,-0.06040229756350268,7.0,7.259750278869889
2023,16,KC,LV,0.2253396726850615,1.0,-3,-6.0,False,247.24196289893735,0.7389695050917087,0.9987318254955886,0.35082703266400217,0.5073515603985985,11.0,10.775395005015552
2023,16,PHI,NYG,0.2215408574710287,1.0,-1,8.0,True,281.5362573994312,4.105641746520046,-0.5622751956926413,0.6497466747368283,-0.7369004634529827,14.0,8.818432954827903
2023,16,SF,BAL,0.1350732755318101,1.0,0,-14.0,False,125.09920551633036,1.2514653100066646,0.07611979722791107,2.223557179144219,1.1688641106115176,6.5,4.700178538586824
2023,17,CLE,NYJ,0.0702572293042653,1.0,0,17.0,True,200.20544656964853,-0.21992481181599466,0.28260030307835526,0.878640982901717,-0.6761976908067343,6.5,6.405089322164686
2023,17,DAL,DET,-0.0619789580584393,1.0,0,1.0,True,118.83640789505762,3.2464558997448902,-0.39321333793445534,-0.112448823348691,-0.5595409533355502,5.5,3.191194531952082
2023,17,BAL,MIA,-0.0378771326443735,1.0,-1,37.0,True,175.17527030669476,-0.476417445441893,-0.036927999830125735,-0.5492001322884038,-1.310227052988025,3.0,4.094914043308352
2023,17,BUF,NE,0.1932134638803364,1.0,1,6.0,True,340.38884825213063,2.3158276095450283,0.46686558768520436,0.450872803058466,0.9468375234081519,15.0,13.510916983073257
2023,17,CHI,ATL,-0.0068268204042163,1.0,0,20.0,True,44.95741189071805,2.4909769947095195,0.5516170835027654,0.2895295974507749,0.1815039917883437,3.0,3.220689172995435
2023,17,HOU,TEN,0.0506305239888623,1.0,0,23.0,True,78.8724970434373,1.3315972828902718,0.1329185119382168,1.4159322058962653,-0.2007540153953376,5.0,2.7087336291976314
2023,17,IND,LV,0.1368799348399289,1.0,1,3.0,True,35.59937608393852,0.19513057201357054,0.3386348423319028,-0.013826142726715951,0.6074794931815313,3.5,1.3860692545455606
2023,17,JAX,CAR,0.1697549324093254,1.0,0,26.0,True,252.20926338879963,1.0932531328167083,0.06737136513394137,0.803000471164164,-0.3040934968767344,3.5,8.349530046777678
2023,17,PHI,ARI,0.1362525029015551,1.0,-1,-4.0,False,354.3175579612464,6.904538625511408,-0.5225434157063074,0.6861571386031169,-0.9291789346559645,12.0,12.685181349424797
2023,17,TB,NO,0.0276175155347228,1.0,-3,-10.0,False,134.2923216428601,-2.940399667347473,0.0888050931776081,0.7301946254000199,0.15105654743770058,2.5,2.5047840919505493
2023,17,WAS,SF,-0.3949844061052507,1.0,1,-17.0,False,-303.03322113014974,-2.0754583970191716,-0.3782592103745923,-2.4237114785781984,-1.0621701225140594,-14.0,-14.377659643029212
2023,17,SEA,PIT,0.0457870866001372,1.0,-1,-7.0,False,84.73079722853959,2.0235493806778786,0.3312004852321335,-0.8707645975543998,-0.6812717928992484,4.5,3.3168428662028777
2023,17,DEN,LAC,-0.0517791152582889,1.0,-1,7.0,True,82.65990523504229,1.454909880768053,0.26470516315581083,-0.18547665958925805,-0.16360729848626507,3.5,3.047591302849309
2023,17,KC,CIN,0.0383994209600323,1.0,-2,8.0,True,111.99787393617021,-4.14425789758056,0.6476942026905399,-0.5937420947242786,0.27559724880960357,7.5,2.6380665401744867
2023,17,MIN,GB,-0.0132603967896097,1.0,0,-23.0,False,106.4174392524776,4.961102068115139,-0.30544131010952214,-0.02132402627463348,0.09216755420370437,1.0,4.036894275889033
