season,week,iterations,regression,rating_diff,actual_margin,actual_home_win
2021,6,1,0.3,-0.6369764449394859,-24,False
2021,6,1,0.3,0.4828421483536589,42,True
2021,6,1,0.3,0.009231625029969742,21,True
2021,6,1,0.3,-0.21992630310163455,1,True
2021,6,1,0.3,0.5049728225694352,0,False
2021,6,1,0.3,0.30395798265140156,25,True
2021,6,1,0.3,-0.285248620206523,3,True
2021,6,1,0.3,-0.0763267029836156,-12,False
2021,6,1,0.3,-0.18036170189412476,17,True
2021,6,1,0.3,0.4042040811723033,0,False
2021,6,1,0.3,-0.48916545344677564,-13,False
2021,6,1,0.3,-0.1882226538843414,-6,False
2021,6,1,0.3,0.5972735438617607,28,True
2021,6,1,0.3,0.14533594291570293,-4,False
2021,6,1,0.3,0.15511748437699693,-1,False
2021,6,1,0.3,0.2363323947332184,-10,False
2021,6,1,0.3,-0.11736126200282304,-3,False
2021,6,1,0.3,-0.08075740940094712,-3,False
2021,6,1,0.3,0.017165960992881896,-24,False
2021,6,1,0.3,-0.0569201191295165,3,True
2021,6,1,0.3,0.16158296776104192,49,True
2021,6,1,0.3,-0.12719527484482163,-3,False
2021,6,1,0.3,-0.14011696048781724,-18,False
2021,6,1,0.3,-0.13019791418077145,14,True
2021,6,1,0.3,0.15165892188204516,25,True
2021,6,1,0.3,-0.16170193576638128,-7,False
2021,6,1,0.3,-0.16820647079308584,-21,False
2021,6,1,0.3,-0.5792865964435782,-18,False
2021,6,1,0.3,0.41073563263164403,49,True
2021,6,1,0.3,0.489570619964015,4,True
2021,6,1,0.3,-0.20339325938031394,6,True
2021,6,1,0.3,-0.29370122338993127,-7,False
2021,6,1,0.3,0.17733773170497424,1,True
2021,6,1,0.3,0.21149581233162124,-25,False
2021,6,1,0.3,0.15370744934170028,-2,False
2021,6,1,0.3,0.05029575415598618,10,True
2021,6,1,0.3,0.12374880655253617,0,False
2021,6,1,0.3,-0.027246652059376625,-3,False
2021,6,1,0.3,-0.9135773929296809,-32,False
2021,6,1,0.3,0.10603794760198053,3,True
2021,6,1,0.3,-0.2669341579889166,-34,False
2021,6,1,0.3,-0.4178510312013526,0,False
2021,6,1,0.3,0.148181112458333,18,True
2021,6,1,0.3,-0.38862710109639764,7,True
2021,6,1,0.3,-0.5090993273810003,-18,False
2021,6,1,0.3,0.11122819654457664,-16,False
2021,6,1,0.3,0.22696356602411125,-9,False
2021,6,1,0.3,-0.2816713481207155,10,True
2021,6,1,0.3,0.28061766118553483,18,True
2021,6,1,0.3,0.4090381250996759,24,True
2021,6,1,0.3,0.0025958449467799183,27,True
2021,6,1,0.5,-0.5404069911740058,-24,False
2021,6,1,0.5,0.4051728139727842,42,True
2021,6,1,0.5,0.013375788050311824,21,True
2021,6,1,0.5,-0.14467762456965783,1,True
2021,6,1,0.5,0.46340002380171574,0,False
2021,6,1,0.5,0.31237379015848477,25,True
2021,6,1,0.5,-0.264016556628859,3,True
2021,6,1,0.5,-0.0854168877668433,-12,False
2021,6,1,0.5,-0.17541641331097668,17,True
2021,6,1,0.5,0.35038347192985725,0,False
2021,6,1,0.5,-0.3318924757403502,-13,False
2021,6,1,0.5,-0.0790080273196745,-6,False
2021,6,1,0.5,0.5615317952205854,28,True
2021,6,1,0.5,0.06659801631682624,-4,False
2021,6,1,0.5,0.10065519920512883,-1,False
2021,6,1,0.5,0.20248994071988186,-10,False
2021,6,1,0.5,-0.0810333514907928,-3,False
2021,6,1,0.5,-0.05289937138647492,-3,False
2021,6,1,0.5,0.021055540856648104,-24,False
2021,6,1,0.5,-0.04775139577026877,3,True
2021,6,1,0.5,0.15892482743950798,49,True
2021,6,1,0.5,-0.10843108163351686,-3,False
2021,6,1,0.5,-0.14614332176052808,-18,False
2021,6,1,0.5,-0.0663708699448004,14,True
2021,6,1,0.5,0.09435234963812172,25,True
2021,6,1,0.5,-0.13603321797224263,-7,False
2021,6,1,0.5,-0.1790667588808438,-21,False
2021,6,1,0.5,-0.4619367025999779,-18,False
2021,6,1,0.5,0.39438497428888675,49,True
2021,6,1,0.5,0.4341735882754263,4,True
2021,6,1,0.5,-0.1842917765573999,6,True
2021,6,1,0.5,-0.23648425811424897,-7,False
2021,6,1,0.5,0.09093296681401024,1,True
2021,6,1,0.5,0.1616927555949398,-25,False
2021,6,1,0.5,0.09519440808900378,-2,False
2021,6,1,0.5,0.0631109644944834,10,True
2021,6,1,0.5,0.05492124440107932,0,False
2021,6,1,0.5,0.0025061422905479636,-3,False
2021,6,1,0.5,-0.7396595718992909,-32,False
2021,6,1,0.5,0.036432010467966874,3,True
2021,6,1,0.5,-0.22744229633133534,-34,False
2021,6,1,0.5,-0.35806103285787505,0,False
2021,6,1,0.5,0.10478939649528192,18,True
2021,6,1,0.5,-0.37822540044299424,7,True
2021,6,1,0.5,-0.4171021257648445,-18,False
2021,6,1,0.5,0.0962876652645511,-16,False
2021,6,1,0.5,0.16474745739894386,-9,False
2021,6,1,0.5,-0.22744481910602632,10,True
2021,6,1,0.5,0.2351358775916471,18,True
2021,6,1,0.5,0.25255676273407324,24,True
2021,6,1,0.5,-0.04295934788892347,27,True
2021,6,1,0.7,-0.4438375374085256,-24,False
2021,6,1,0.7,0.3275034795919096,42,True
2021,6,1,0.7,0.017519951070653836,21,True
2021,6,1,0.7,-0.06942894603768117,1,True
2021,6,1,0.7,0.42182722503399644,0,False
2021,6,1,0.7,0.3207895976655682,25,True
2021,6,1,0.7,-0.24278449305119498,3,True
2021,6,1,0.7,-0.09450707255007107,-12,False
2021,6,1,0.7,-0.1704711247278286,17,True
2021,6,1,0.7,0.2965628626874112,0,False
2021,6,1,0.7,-0.17461949803392476,-13,False
2021,6,1,0.7,0.030206599244992402,-6,False
2021,6,1,0.7,0.5257900465794101,28,True
2021,6,1,0.7,-0.012139910282050428,-4,False
2021,6,1,0.7,0.0461929140332608,-1,False
2021,6,1,0.7,0.1686474867065451,-10,False
2021,6,1,0.7,-0.044705440978762445,-3,False
2021,6,1,0.7,-0.02504133337200263,-3,False
2021,6,1,0.7,0.02494512072041418,-24,False
2021,6,1,0.7,-0.038582672411021104,3,True
2021,6,1,0.7,0.15626668711797403,49,True
2021,6,1,0.7,-0.08966688842221221,-3,False
2021,6,1,0.7,-0.1521696830332388,-18,False
2021,6,1,0.7,-0.002543825708829439,14,True
2021,6,1,0.7,0.03704577739419822,25,True
2021,6,1,0.7,-0.11036450017810398,-7,False
2021,6,1,0.7,-0.18992704696860185,-21,False
2021,6,1,0.7,-0.34458680875637765,-18,False
2021,6,1,0.7,0.37803431594612946,49,True
2021,6,1,0.7,0.3787765565868376,4,True
2021,6,1,0.7,-0.16519029373448585,6,True
2021,6,1,0.7,-0.1792672928385666,-7,False
2021,6,1,0.7,0.00452820192304626,1,True
2021,6,1,0.7,0.1118896988582584,-25,False
2021,6,1,0.7,0.036681366836307384,-2,False
2021,6,1,0.7,0.07592617483298053,10,True
2021,6,1,0.7,-0.013906317750377317,0,False
2021,6,1,0.7,0.03225893664047247,-3,False
2021,6,1,0.7,-0.5657417508689009,-32,False
2021,6,1,0.7,-0.03317392666604674,3,True
2021,6,1,0.7,-0.18795043467375389,-34,False
2021,6,1,0.7,-0.2982710345143976,0,False
2021,6,1,0.7,0.06139768053223099,18,True
2021,6,1,0.7,-0.3678236997895906,7,True
2021,6,1,0.7,-0.32510492414868913,-18,False
2021,6,1,0.7,0.08134713398452556,-16,False
2021,6,1,0.7,0.1025313487737765,-9,False
2021,6,1,0.7,-0.17321829009133724,10,True
2021,6,1,0.7,0.1896540939977594,18,True
2021,6,1,0.7,0.09607540036847054,24,True
2021,6,1,0.7,-0.08851454072462661,27,True
2021,10,1,0.3,0.1799568448970546,6,True
2021,10,1,0.3,0.10485954369180409,1,True
2021,10,1,0.3,0.6498026673452112,37,True
2021,10,1,0.3,-0.17290828002979328,-3,False
2021,10,1,0.3,-0.23194098655207354,13,True
2021,10,1,0.3,-0.28051873314841236,23,True
2021,10,1,0.3,0.03354818184297739,17,True
2021,10,1,0.3,0.018442668015186486,7,True
2021,10,1,0.3,0.024333362256699215,-23,False
2021,10,1,0.3,0.10365469178779739,0,False
2021,10,1,0.3,0.11561142418972645,14,True
2021,10,1,0.3,0.1947974371605869,27,True
2021,10,1,0.3,-0.02535495404441085,-24,False
2021,10,1,0.3,-0.08977114480204221,-21,False
2021,10,1,0.3,-0.16478661806293513,14,True
2021,10,1,0.3,-0.2432764956724482,-25,False
2021,10,1,0.3,-0.07204622494662025,-14,False
2021,10,1,0.3,0.06280269191706506,-6,False
2021,10,1,0.3,0.09358213647416846,3,True
2021,10,1,0.3,-0.12336880035355835,3,True
2021,10,1,0.3,0.2566067074491435,28,True
2021,10,1,0.3,0.0704427583742421,-8,False
2021,10,1,0.3,0.4025388883809202,22,True
2021,10,1,0.3,-0.060124240780079816,-5,False
2021,10,1,0.3,0.0030332916723023367,-16,False
2021,10,1,0.3,-0.03154189096055496,11,True
2021,10,1,0.3,-0.41167892934846506,-9,False
2021,10,1,0.3,-0.28740634002170473,-49,False
2021,10,1,0.3,-0.0067609508880691616,23,True
2021,10,1,0.3,-0.46954900377019393,-25,False
2021,10,1,0.3,-0.17659369571293287,2,True
2021,10,1,0.3,-0.11964628155617782,-21,False
2021,10,1,0.3,0.13802190758796734,42,True
2021,10,1,0.3,0.396797770786656,4,True
2021,10,1,0.3,0.34180808147720876,8,True
2021,10,1,0.3,-0.30518091130149594,-12,False
2021,10,1,0.3,-0.0012085975559827516,4,True
2021,10,1,0.3,-0.11188491953926233,2,True
2021,10,1,0.3,-0.27400091418544664,-15,False
2021,10,1,0.3,0.02033205271379874,-3,False
2021,10,1,0.3,0.13475540232501634,-12,False
2021,10,1,0.3,0.12707248850621167,5,True
2021,10,1,0.3,0.09965047950913658,4,True
2021,10,1,0.3,-0.7674816535369694,-17,False
2021,10,1,0.3,-0.38594194460182385,-20,False
2021,10,1,0.3,-0.23215563349950613,8,True
2021,10,1,0.3,-0.048491616643101226,7,True
2021,10,1,0.3,-0.14384833545780726,-45,False
2021,10,1,0.3,-0.246553982802248,7,True
2021,10,1,0.3,-0.29191756500632643,-10,False
2021,10,1,0.3,-0.5423239331987538,3,True
2021,10,1,0.3,0.32617853218275883,15,True
2021,10,1,0.3,-0.131680860102804,-7,False
2021,10,1,0.3,0.03199146223590962,-26,False
2021,10,1,0.3,-0.022995084184647692,15,True
2021,10,1,0.3,0.17635083020551454,-13,False
2021,10,1,0.3,-0.3359952626573734,-22,False
2021,10,1,0.3,-0.21071508750633167,-7,False
2021,10,1,0.3,0.12747590487265742,3,True
2021,10,1,0.5,0.18246366326052013,6,True
2021,10,1,0.5,0.09727734244793426,1,True
2021,10,1,0.5,0.5590120462365458,37,True
2021,10,1,0.5,-0.16465689752118193,-3,False
2021,10,1,0.5,-0.15984649795888267,13,True
2021,10,1,0.5,-0.261708461327505,23,True
2021,10,1,0.5,-0.009011216361106258,17,True
2021,10,1,0.5,0.032059422684099836,7,True
2021,10,1,0.5,0.03898514053940899,-23,False
2021,10,1,0.5,0.11093775864632081,0,False
2021,10,1,0.5,0.06815020691252995,14,True
2021,10,1,0.5,0.2285611382292334,27,True
2021,10,1,0.5,0.004458203990789167,-24,False
2021,10,1,0.5,-0.11080584538082044,-21,False
2021,10,1,0.5,-0.14400254095926204,14,True
2021,10,1,0.5,-0.2298481157031293,-25,False
2021,10,1,0.5,-0.0496180660436497,-14,False
2021,10,1,0.5,0.06651926310542944,-6,False
2021,10,1,0.5,0.09777453910902512,3,True
2021,10,1,0.5,-0.11253864037008775,3,True
2021,10,1,0.5,0.2238411103582914,28,True
2021,10,1,0.5,0.047749712449018225,-8,False
2021,10,1,0.5,0.3558243204219309,22,True
2021,10,1,0.5,-0.0054863465248260815,-5,False
2021,10,1,0.5,0.00590459537432402,-16,False
2021,10,1,0.5,-0.040753339788483875,11,True
2021,10,1,0.5,-0.3853384404256727,-9,False
2021,10,1,0.5,-0.24252610609129321,-49,False
2021,10,1,0.5,-0.004538602915561199,23,True
2021,10,1,0.5,-0.3795013980547392,-25,False
2021,10,1,0.5,-0.1259159668509764,2,True
2021,10,1,0.5,-0.09872078099136616,-21,False
2021,10,1,0.5,0.14092062968461744,42,True
2021,10,1,0.5,0.33134389843675394,4,True
2021,10,1,0.5,0.28621791918057676,8,True
2021,10,1,0.5,-0.23560493169340443,-12,False
2021,10,1,0.5,-0.0013751794374672471,4,True
2021,10,1,0.5,-0.09814227423467473,2,True
2021,10,1,0.5,-0.23520438381871836,-15,False
2021,10,1,0.5,0.018041076879930604,-3,False
2021,10,1,0.5,0.16892495814414293,-12,False
2021,10,1,0.5,0.10144332113646601,5,True
2021,10,1,0.5,0.0729704580132623,4,True
2021,10,1,0.5,-0.6392273833778386,-17,False
2021,10,1,0.5,-0.34234248880446216,-20,False
2021,10,1,0.5,-0.22444936745301836,8,True
2021,10,1,0.5,-0.02434690236498084,7,True
2021,10,1,0.5,-0.13082533971557603,-45,False
2021,10,1,0.5,-0.2255229801854419,7,True
2021,10,1,0.5,-0.29887908549695485,-10,False
2021,10,1,0.5,-0.5096520865706361,3,True
2021,10,1,0.5,0.26671381936714106,15,True
2021,10,1,0.5,-0.10928223877814608,-7,False
2021,10,1,0.5,0.01014544698714255,-26,False
2021,10,1,0.5,-0.024726565731712655,15,True
2021,10,1,0.5,0.1285818655298011,-13,False
2021,10,1,0.5,-0.27567312904250807,-22,False
2021,10,1,0.5,-0.14735126213634514,-7,False
2021,10,1,0.5,0.11187283629795483,3,True
2021,10,1,0.7,0.18497048162398574,6,True
2021,10,1,0.7,0.08969514120406437,1,True
2021,10,1,0.7,0.4682214251278805,37,True
2021,10,1,0.7,-0.15640551501257052,-3,False
2021,10,1,0.7,-0.08775200936569183,13,True
2021,10,1,0.7,-0.24289818950659775,23,True
2021,10,1,0.7,-0.05157061456518984,17,True
2021,10,1,0.7,0.045676177353013214,7,True
2021,10,1,0.7,0.05363691882211877,-23,False
2021,10,1,0.7,0.11822082550484424,0,False
2021,10,1,0.7,0.020688989635333367,14,True
2021,10,1,0.7,0.26232483929787986,27,True
2021,10,1,0.7,0.034271362025989155,-24,False
2021,10,1,0.7,-0.1318405459595987,-21,False
2021,10,1,0.7,-0.12321846385558907,14,True
2021,10,1,0.7,-0.2164197357338104,-25,False
2021,10,1,0.7,-0.027189907140679218,-14,False
2021,10,1,0.7,0.07023583429379379,-6,False
2021,10,1,0.7,0.10196694174388178,3,True
2021,10,1,0.7,-0.10170848038661717,3,True
2021,10,1,0.7,0.19107551326743927,28,True
2021,10,1,0.7,0.025056666523794326,-8,False
2021,10,1,0.7,0.3091097524629416,22,True
2021,10,1,0.7,0.04915154773042778,-5,False
2021,10,1,0.7,0.008775899076345649,-16,False
2021,10,1,0.7,-0.04996478861641288,11,True
2021,10,1,0.7,-0.3589979515028805,-9,False
2021,10,1,0.7,-0.19764587216088164,-49,False
2021,10,1,0.7,-0.0023162549430531393,23,True
2021,10,1,0.7,-0.28945379233928453,-25,False
2021,10,1,0.7,-0.07523823798901988,2,True
2021,10,1,0.7,-0.07779528042655454,-21,False
2021,10,1,0.7,0.14381935178126756,42,True
2021,10,1,0.7,0.2658900260868519,4,True
2021,10,1,0.7,0.23062775688394488,8,True
2021,10,1,0.7,-0.16602895208531282,-12,False
2021,10,1,0.7,-0.0015417613189517981,4,True
2021,10,1,0.7,-0.08439962893008723,2,True
2021,10,1,0.7,-0.1964078534519901,-15,False
2021,10,1,0.7,0.01575010104606247,-3,False
2021,10,1,0.7,0.2030945139632696,-12,False
2021,10,1,0.7,0.07581415376672046,5,True
2021,10,1,0.7,0.04629043651738815,4,True
2021,10,1,0.7,-0.5109731132187076,-17,False
2021,10,1,0.7,-0.29874303300710037,-20,False
2021,10,1,0.7,-0.21674310140653053,8,True
2021,10,1,0.7,-0.00020218808686037898,7,True
2021,10,1,0.7,-0.11780234397334491,-45,False
2021,10,1,0.7,-0.20449197756863577,7,True
2021,10,1,0.7,-0.3058406059875834,-10,False
2021,10,1,0.7,-0.47698023994251837,3,True
2021,10,1,0.7,0.20724910655152343,15,True
2021,10,1,0.7,-0.0868836174534882,-7,False
2021,10,1,0.7,-0.011700568261624536,-26,False
2021,10,1,0.7,-0.02645804727877766,15,True
2021,10,1,0.7,0.08081290085408752,-13,False
2021,10,1,0.7,-0.2153509954276428,-22,False
2021,10,1,0.7,-0.08398743676635868,-7,False
2021,10,1,0.7,0.09626976772325234,3,True
2021,14,1,0.3,-0.39932814435380704,17,True
2021,14,1,0.3,-0.028949404601293527,8,True
2021,14,1,0.3,0.009657562298046346,-5,False
2021,14,1,0.3,-0.08361895130704691,-33,False
2021,14,1,0.3,0.017835696971770842,28,True
2021,14,1,0.3,-0.295427518511719,18,True
2021,14,1,0.3,-0.11856355900612042,8,True
2021,14,1,0.3,0.14599118157137517,15,True
2021,14,1,0.3,-0.14393576116410567,-24,False
2021,14,1,0.3,-0.1766822289902868,-39,False
2021,14,1,0.3,0.18986730836361929,10,True
2021,14,1,0.5,-0.3463778615935993,17,True
2021,14,1,0.5,-0.0395326032170942,8,True
2021,14,1,0.5,-0.00498920156021794,-5,False
2021,14,1,0.5,-0.13607152580620108,-33,False
2021,14,1,0.5,0.013040879478636497,28,True
2021,14,1,0.5,-0.25833431533680434,18,True
2021,14,1,0.5,-0.10855293227505713,8,True
2021,14,1,0.5,0.11765913725452715,15,True
2021,14,1,0.5,-0.08924986694241802,-24,False
2021,14,1,0.5,-0.19135319668652054,-39,False
2021,14,1,0.5,0.15486122331615848,10,True
2021,14,1,0.7,-0.29342757883339154,17,True
2021,14,1,0.7,-0.050115801832894824,8,True
2021,14,1,0.7,-0.01963596541848213,-5,False
2021,14,1,0.7,-0.1885241003053551,-33,False
2021,14,1,0.7,0.008246061985502262,28,True
2021,14,1,0.7,-0.22124111216188966,18,True
2021,14,1,0.7,-0.09854230554399404,8,True
2021,14,1,0.7,0.08932709293767901,15,True
2021,14,1,0.7,-0.03456397272073036,-24,False
2021,14,1,0.7,-0.2060241643827544,-39,False
2021,14,1,0.7,0.11985513826869768,10,True
2022,6,1,0.3,0.4503661124826315,4,True
2022,6,1,0.3,0.03213273347619405,7,True
2022,6,1,0.3,0.33559099679952376,32,True
2022,6,1,0.3,0.22647419566473748,-10,False
2022,6,1,0.3,-0.23674939692579916,-27,False
2022,6,1,0.3,0.04386521187359105,23,True
2022,6,1,0.3,-0.2062795725003116,-24,False
2022,6,1,0.3,-0.3411611075310532,-27,False
2022,6,1,0.3,-0.37664904102709473,7,True
2022,6,1,0.3,-0.45898946252909684,-1,False
2022,6,1,0.3,0.1823445959844201,10,True
2022,6,1,0.3,0.5343177846859493,16,True
2022,6,1,0.3,-0.11078377717318869,-1,False
2022,6,1,0.3,-0.10179293223150043,-7,False
2022,6,1,0.3,0.0336281701368068,-49,False
2022,6,1,0.3,0.2633827002267721,10,True
2022,6,1,0.3,-0.21028812819102288,8,True
2022,6,1,0.3,0.24272301730302864,35,True
2022,6,1,0.3,-0.41120226511901337,-18,False
2022,6,1,0.3,0.3861695150068353,3,True
2022,6,1,0.3,-0.15359527169173842,-35,False
2022,6,1,0.3,-0.7247064306612208,-21,False
2022,6,1,0.3,0.19409366995184232,-4,False
2022,6,1,0.3,-0.8658978385591618,-29,False
2022,6,1,0.3,-0.07681925129318473,-1,False
2022,6,1,0.3,-0.48261094347893985,-28,False
2022,6,1,0.3,-0.3157846907008705,3,True
2022,6,1,0.3,-0.23215436807163575,-3,False
2022,6,1,0.3,0.12196348226725749,2,True
2022,6,1,0.3,0.2783739906915445,16,True
2022,6,1,0.3,-0.27274954315560657,-17,False
2022,6,1,0.3,-0.31363895266915054,7,True
2022,6,1,0.3,0.198321362770744,20,True
2022,6,1,0.3,0.6033127554279698,-3,False
2022,6,1,0.3,0.055616568892025264,-13,False
2022,6,1,0.3,0.3716880991899682,2,True
2022,6,1,0.3,-0.20808158198785023,33,True
2022,6,1,0.3,0.031243895740270228,28,True
2022,6,1,0.3,0.12399595538940711,-1,False
2022,6,1,0.3,-0.13593641167171835,15,True
2022,6,1,0.3,-0.13718915518085495,32,True
2022,6,1,0.3,0.5707619756883073,4,True
2022,6,1,0.3,-0.21918667173832737,-1,False
2022,6,1,0.3,-0.2870240025229268,-22,False
2022,6,1,0.3,-0.23318085971670588,-20,False
2022,6,1,0.3,-0.08315145631537435,21,True
2022,6,1,0.3,0.11729529789949292,-31,False
2022,6,1,0.3,-0.10414087280357864,0,False
2022,6,1,0.3,0.12371721180728912,0,False
2022,6,1,0.3,-0.5788739098205543,-22,False
2022,6,1,0.3,-0.6150154673742094,-8,False
2022,6,1,0.3,-0.13432508086139133,12,True
2022,6,1,0.3,-0.0034673470812945917,17,True
2022,6,1,0.3,0.128917160720367,-21,False
2022,6,1,0.3,-0.4323687171376054,10,True
2022,6,1,0.3,0.3501846077398684,27,True
2022,6,1,0.3,-0.22728630163550267,3,True
2022,6,1,0.5,0.37978729852040244,4,True
2022,6,1,0.5,0.0630746927251079,7,True
2022,6,1,0.5,0.28700816984331307,32,True
2022,6,1,0.5,0.1911615050328717,-10,False
2022,6,1,0.5,-0.22897966084793145,-27,False
2022,6,1,0.5,-0.002423730210199093,23,True
2022,6,1,0.5,-0.19823128035792653,-24,False
2022,6,1,0.5,-0.3096776750109082,-27,False
2022,6,1,0.5,-0.277654286000251,7,True
2022,6,1,0.5,-0.3009098029631262,-1,False
2022,6,1,0.5,0.1684952731330782,10,True
2022,6,1,0.5,0.45988456237540165,16,True
2022,6,1,0.5,-0.12584498415580692,-1,False
2022,6,1,0.5,-0.014674532096053461,-7,False
2022,6,1,0.5,0.061042121629073576,-49,False
2022,6,1,0.5,0.201937955293502,10,True
2022,6,1,0.5,-0.1857505866419655,8,True
2022,6,1,0.5,0.17666473258182722,35,True
2022,6,1,0.5,-0.36552586708291734,-18,False
2022,6,1,0.5,0.2984592476504628,3,True
2022,6,1,0.5,-0.12748709713225231,-35,False
2022,6,1,0.5,-0.6230883718673946,-21,False
2022,6,1,0.5,0.17962809045151323,-4,False
2022,6,1,0.5,-0.7604888968158072,-29,False
2022,6,1,0.5,-0.043851279341219074,-1,False
2022,6,1,0.5,-0.4421065740298341,-28,False
2022,6,1,0.5,-0.31538728107194786,3,True
2022,6,1,0.5,-0.2382459502835167,-3,False
2022,6,1,0.5,0.0693336288985101,2,True
2022,6,1,0.5,0.2565338901615593,16,True
2022,6,1,0.5,-0.20910812663440137,-17,False
2022,6,1,0.5,-0.25985558866427794,7,True
2022,6,1,0.5,0.12911990232094048,20,True
2022,6,1,0.5,0.513793510239444,-3,False
2022,6,1,0.5,-0.015468182167351963,-13,False
2022,6,1,0.5,0.26367440308787765,2,True
2022,6,1,0.5,-0.20760118915397938,33,True
2022,6,1,0.5,0.021244954601734325,28,True
2022,6,1,0.5,0.11052219203981632,-1,False
2022,6,1,0.5,-0.0786112212537271,15,True
2022,6,1,0.5,-0.1059384482742721,32,True
2022,6,1,0.5,0.4779875211340925,4,True
2022,6,1,0.5,-0.10615217063138707,-1,False
2022,6,1,0.5,-0.24532358691329198,-22,False
2022,6,1,0.5,-0.1731749172347692,-20,False
2022,6,1,0.5,-0.05289494944807002,21,True
2022,6,1,0.5,0.12941694682099772,-31,False
2022,6,1,0.5,-0.131367707982174,0,False
2022,6,1,0.5,0.03967932343886915,0,False
2022,6,1,0.5,-0.4159054826398984,-22,False
2022,6,1,0.5,-0.5418708206111521,-8,False
2022,6,1,0.5,-0.1319669489606911,12,True
2022,6,1,0.5,0.022293707318264966,17,True
2022,6,1,0.5,0.09419465639147301,-21,False
2022,6,1,0.5,-0.36220540474564306,10,True
2022,6,1,0.5,0.3103480194563878,27,True
2022,6,1,0.5,-0.13740226700534824,3,True
2022,6,1,0.7,0.30920848455817357,4,True
2022,6,1,0.7,0.0940166519740216,7,True
2022,6,1,0.7,0.23842534288710232,32,True
2022,6,1,0.7,0.155848814401006,-10,False
2022,6,1,0.7,-0.22120992477006363,-27,False
2022,6,1,0.7,-0.04871267229398918,23,True
2022,6,1,0.7,-0.19018298821554158,-24,False
2022,6,1,0.7,-0.2781942424907633,-27,False
2022,6,1,0.7,-0.17865953097340756,7,True
2022,6,1,0.7,-0.1428301433971555,-1,False
2022,6,1,0.7,0.15464595028173642,10,True
2022,6,1,0.7,0.3854513400648541,16,True
2022,6,1,0.7,-0.14090619113842523,-1,False
2022,6,1,0.7,0.07244386803939351,-7,False
2022,6,1,0.7,0.08845607312134057,-49,False
2022,6,1,0.7,0.14049321036023182,10,True
2022,6,1,0.7,-0.16121304509290818,8,True
2022,6,1,0.7,0.11060644786062596,35,True
2022,6,1,0.7,-0.3198494690468213,-18,False
2022,6,1,0.7,0.21074898029409006,3,True
2022,6,1,0.7,-0.10137892257276612,-35,False
2022,6,1,0.7,-0.5214703130735686,-21,False
2022,6,1,0.7,0.16516251095118417,-4,False
2022,6,1,0.7,-0.6550799550724529,-29,False
2022,6,1,0.7,-0.010883307389253492,-1,False
2022,6,1,0.7,-0.40160220458072826,-28,False
2022,6,1,0.7,-0.31498987144302526,3,True
2022,6,1,0.7,-0.24433753249539786,-3,False
2022,6,1,0.7,0.01670377552976266,2,True
2022,6,1,0.7,0.23469378963157414,16,True
2022,6,1,0.7,-0.14546671011319628,-17,False
2022,6,1,0.7,-0.20607222465940522,7,True
2022,6,1,0.7,0.05991844187113682,20,True
2022,6,1,0.7,0.42427426505091836,-3,False
2022,6,1,0.7,-0.08655293322672908,-13,False
2022,6,1,0.7,0.15566070698578693,2,True
2022,6,1,0.7,-0.20712079632010855,33,True
2022,6,1,0.7,0.011246013463198617,28,True
2022,6,1,0.7,0.09704842869022559,-1,False
2022,6,1,0.7,-0.021286030835736013,15,True
2022,6,1,0.7,-0.07468774136768927,32,True
2022,6,1,0.7,0.3852130665798774,4,True
2022,6,1,0.7,0.006882330475553089,-1,False
2022,6,1,0.7,-0.20362317130365704,-22,False
2022,6,1,0.7,-0.11316897475283258,-20,False
2022,6,1,0.7,-0.02263844258076561,21,True
2022,6,1,0.7,0.14153859574250252,-31,False
2022,6,1,0.7,-0.15859454316076924,0,False
2022,6,1,0.7,-0.04435856492955069,0,False
2022,6,1,0.7,-0.2529370554592426,-22,False
2022,6,1,0.7,-0.46872617384809484,-8,False
2022,6,1,0.7,-0.12960881705999075,12,True
2022,6,1,0.7,0.04805476171782459,17,True
2022,6,1,0.7,0.059472152062579,-21,False
2022,6,1,0.7,-0.2920420923536807,10,True
2022,6,1,0.7,0.2705114311729074,27,True
2022,6,1,0.7,-0.047518232375193925,3,True
2022,10,1,0.3,0.06406180315846836,-2,False
2022,10,1,0.3,0.1729600100284296,14,True
2022,10,1,0.3,-0.1472329525686265,1,True
2022,10,1,0.3,0.22049945544464278,6,True
2022,10,1,0.3,-0.08445558709068288,-4,False
2022,10,1,0.3,0.006275194994434366,-17,False
2022,10,1,0.3,-0.1785727595273541,-11,False
2022,10,1,0.3,0.3174627180235103,25,True
2022,10,1,0.3,-0.3730301447376869,-14,False
2022,10,1,0.3,0.5551755895117305,6,True
2022,10,1,0.3,-0.7474663120893843,-39,False
2022,10,1,0.3,0.0988977883197242,3,True
2022,10,1,0.3,-0.13004168802073432,-38,False
2022,10,1,0.3,0.14776363080029717,-3,False
2022,10,1,0.3,0.0321460341243513,17,True
2022,10,1,0.3,0.1263453780762598,21,True
2022,10,1,0.3,0.10644520267279559,-7,False
2022,10,1,0.3,0.28241442999594235,10,True
2022,10,1,0.3,-0.04649719329276336,21,True
2022,10,1,0.3,-0.20769750781632354,-6,False
2022,10,1,0.3,0.3848143188115588,17,True
2022,10,1,0.3,0.48125217934271536,-8,False
2022,10,1,0.3,-0.12620358317486075,-7,False
2022,10,1,0.3,-0.8440571262236172,-14,False
2022,10,1,0.3,0.17636084487667741,-21,False
2022,10,1,0.3,-0.03865311594969714,13,True
2022,10,1,0.3,-0.36699131152384956,-31,False
2022,10,1,0.3,-0.6442435933093296,-35,False
2022,10,1,0.3,-0.3566979613684223,-7,False
2022,10,1,0.3,-0.06100860378932263,24,True
2022,10,1,0.3,-0.11635764057942052,-42,False
2022,10,1,0.3,-0.16466768838600657,9,True
2022,10,1,0.3,0.08955319671278664,10,True
2022,10,1,0.3,-0.1598908626700385,-3,False
2022,10,1,0.3,0.017523378060915556,11,True
2022,10,1,0.3,0.005407018148484918,0,False
2022,10,1,0.3,0.4155512546899189,12,True
2022,10,1,0.3,0.15982361326590336,17,True
2022,10,1,0.3,0.08570094972246645,42,True
2022,10,1,0.3,-0.12402750795905855,4,True
2022,10,1,0.3,-0.0441122496273513,26,True
2022,10,1,0.3,-0.014790853439993423,-14,False
2022,10,1,0.3,0.3063064631614289,10,True
2022,10,1,0.3,0.031603957479101566,-7,False
2022,10,1,0.3,-0.16067606797259412,14,True
2022,10,1,0.3,0.039536927960453466,-7,False
2022,10,1,0.3,-0.08190285799250877,21,True
2022,10,1,0.3,0.15228959431787448,-13,False
2022,10,1,0.3,0.2288945996172777,4,True
2022,10,1,0.3,0.2834994811623784,7,True
2022,10,1,0.3,-0.3287773664635367,-7,False
2022,10,1,0.3,-0.07603387470317252,-12,False
2022,10,1,0.3,0.010149162267301816,-6,False
2022,10,1,0.3,-0.11704378256546369,1,True
2022,10,1,0.3,-0.09019075991432594,-28,False
2022,10,1,0.3,-0.33227500009486094,-35,False
2022,10,1,0.3,0.3180382566498699,38,True
2022,10,1,0.3,-0.2075250991387538,16,True
2022,10,1,0.3,0.12723323184314872,7,True
2022,10,1,0.3,0.11857167995303075,0,False
2022,10,1,0.5,0.12796297831974668,-2,False
2022,10,1,0.5,0.10324895973439518,14,True
2022,10,1,0.5,-0.12187731230559912,1,True
2022,10,1,0.5,0.1997072213498275,6,True
2022,10,1,0.5,-0.10998274968669035,-4,False
2022,10,1,0.5,-0.023032083414181503,-17,False
2022,10,1,0.5,-0.12362213557471982,-11,False
2022,10,1,0.5,0.2529015018405045,25,True
2022,10,1,0.5,-0.3843450364976316,-14,False
2022,10,1,0.5,0.5218573868458585,6,True
2022,10,1,0.5,-0.6785355030721307,-39,False
2022,10,1,0.5,0.14782751193491672,3,True
2022,10,1,0.5,-0.09476521112427466,-38,False
2022,10,1,0.5,0.16073622599874698,-3,False
2022,10,1,0.5,-0.03245974032294102,17,True
2022,10,1,0.5,0.13142028775084466,21,True
2022,10,1,0.5,0.06553135047216324,-7,False
2022,10,1,0.5,0.2711016734415155,10,True
2022,10,1,0.5,-0.05227439647347504,21,True
2022,10,1,0.5,-0.1584159357900582,-6,False
2022,10,1,0.5,0.3272228810581427,17,True
2022,10,1,0.5,0.3543016022498955,-8,False
2022,10,1,0.5,-0.11275031610747534,-7,False
2022,10,1,0.5,-0.7577542169007128,-14,False
2022,10,1,0.5,0.1690534123020362,-21,False
2022,10,1,0.5,-0.06144324993076192,13,True
2022,10,1,0.5,-0.30461070335307966,-31,False
2022,10,1,0.5,-0.5999237915410047,-35,False
2022,10,1,0.5,-0.350993287250921,-7,False
2022,10,1,0.5,-0.02790379665894452,24,True
2022,10,1,0.5,-0.11662388319881649,-42,False
2022,10,1,0.5,-0.15337156497611243,9,True
2022,10,1,0.5,0.03987199183093405,10,True
2022,10,1,0.5,-0.18707762171006082,-3,False
2022,10,1,0.5,0.015732766659995873,11,True
2022,10,1,0.5,-0.06673131507716816,0,False
2022,10,1,0.5,0.3793584382199367,12,True
2022,10,1,0.5,0.16507903121413542,17,True
2022,10,1,0.5,0.07076961296722661,42,True
2022,10,1,0.5,-0.15116652962669364,4,True
2022,10,1,0.5,-0.12385284141650944,26,True
2022,10,1,0.5,-0.01357160537855838,-14,False
2022,10,1,0.5,0.22378273489870143,10,True
2022,10,1,0.5,-0.0006083997999007497,-7,False
2022,10,1,0.5,-0.13906113188950203,14,True
2022,10,1,0.5,0.08569952229878908,-7,False
2022,10,1,0.5,-0.05664363336218663,21,True
2022,10,1,0.5,0.16217111443385063,-13,False
2022,10,1,0.5,0.20608161243966375,4,True
2022,10,1,0.5,0.24481668645481197,7,True
2022,10,1,0.5,-0.23803975684524534,-7,False
2022,10,1,0.5,-0.06310934093594793,-12,False
2022,10,1,0.5,-0.03522953760474928,-6,False
2022,10,1,0.5,-0.07924869559573394,1,True
2022,10,1,0.5,-0.09745050809258463,-28,False
2022,10,1,0.5,-0.25148197520505644,-35,False
2022,10,1,0.5,0.26471271491613585,38,True
2022,10,1,0.5,-0.1531567206086595,16,True
2022,10,1,0.5,0.12027878924618032,7,True
2022,10,1,0.5,0.05947494367106812,0,False
2022,10,1,0.7,0.1918641534810248,-2,False
2022,10,1,0.7,0.033537909440360836,14,True
2022,10,1,0.7,-0.09652167204257156,1,True
2022,10,1,0.7,0.17891498725501212,6,True
2022,10,1,0.7,-0.13550991228269768,-4,False
2022,10,1,0.7,-0.052339361822797324,-17,False
2022,10,1,0.7,-0.06867151162208561,-11,False
2022,10,1,0.7,0.18834028565749872,25,True
2022,10,1,0.7,-0.39565992825757623,-14,False
2022,10,1,0.7,0.48853918417998665,6,True
2022,10,1,0.7,-0.6096046940548769,-39,False
2022,10,1,0.7,0.19675723555010938,3,True
2022,10,1,0.7,-0.05948873422781491,-38,False
2022,10,1,0.7,0.17370882119719663,-3,False
2022,10,1,0.7,-0.09706551477023341,17,True
2022,10,1,0.7,0.1364951974254296,21,True
2022,10,1,0.7,0.024617498271530952,-7,False
2022,10,1,0.7,0.25978891688708855,10,True
2022,10,1,0.7,-0.0580515996541866,21,True
2022,10,1,0.7,-0.10913436376379292,-6,False
2022,10,1,0.7,0.2696314433047266,17,True
2022,10,1,0.7,0.22735102515707561,-8,False
2022,10,1,0.7,-0.09929704904009005,-7,False
2022,10,1,0.7,-0.6714513075778082,-14,False
2022,10,1,0.7,0.16174597972739505,-21,False
2022,10,1,0.7,-0.08423338391182676,13,True
2022,10,1,0.7,-0.2422300951823098,-31,False
2022,10,1,0.7,-0.55560398977268,-35,False
2022,10,1,0.7,-0.34528861313341974,-7,False
2022,10,1,0.7,0.0052010104714334815,24,True
2022,10,1,0.7,-0.11689012581821241,-42,False
2022,10,1,0.7,-0.14207544156621835,9,True
2022,10,1,0.7,-0.009809213050918465,10,True
2022,10,1,0.7,-0.21426438075008306,-3,False
2022,10,1,0.7,0.013942155259076133,11,True
2022,10,1,0.7,-0.1388696483028212,0,False
2022,10,1,0.7,0.34316562174995463,12,True
2022,10,1,0.7,0.17033444916236762,17,True
2022,10,1,0.7,0.055838276211986726,42,True
2022,10,1,0.7,-0.17830555129432865,4,True
2022,10,1,0.7,-0.20359343320566772,26,True
2022,10,1,0.7,-0.012352357317123447,-14,False
2022,10,1,0.7,0.14125900663597402,10,True
2022,10,1,0.7,-0.03282075707890303,-7,False
2022,10,1,0.7,-0.11744619580640989,14,True
2022,10,1,0.7,0.1318621166371246,-7,False
2022,10,1,0.7,-0.0313844087318647,21,True
2022,10,1,0.7,0.1720526345498267,-13,False
2022,10,1,0.7,0.1832686252620498,4,True
2022,10,1,0.7,0.20613389174724558,7,True
2022,10,1,0.7,-0.1473021472269541,-7,False
2022,10,1,0.7,-0.05018480716872337,-12,False
2022,10,1,0.7,-0.08060823747680035,-6,False
2022,10,1,0.7,-0.04145360862600421,1,True
2022,10,1,0.7,-0.10471025627084334,-28,False
2022,10,1,0.7,-0.170688950315252,-35,False
2022,10,1,0.7,0.21138717318240194,38,True
2022,10,1,0.7,-0.09878834207856528,16,True
2022,10,1,0.7,0.11332434664921198,7,True
2022,10,1,0.7,0.0003782073891055032,0,False
2022,14,1,0.3,0.06335334801446074,17,True
2022,14,1,0.3,-0.08035707238463025,-29,False
2022,14,1,0.3,-0.07963349939641284,-3,False
2022,14,1,0.3,0.3194992625555873,21,True
2022,14,1,0.3,0.07088796666979816,21,True
2022,14,1,0.3,0.12782330230703634,-10,False
2022,14,1,0.3,0.23258619413249376,-12,False
2022,14,1,0.3,0.21381217505409578,-23,False
2022,14,1,0.3,0.3241922137307449,20,True
2022,14,1,0.3,-0.2618330441886668,19,True
2022,14,1,0.3,0.15737118630238806,0,False
2022,14,1,0.5,0.056365280581427986,17,True
2022,14,1,0.5,-0.015411152134195694,-29,False
2022,14,1,0.5,-0.0689214350008952,-3,False
2022,14,1,0.5,0.29238332213175766,21,True
2022,14,1,0.5,0.08582694648279537,21,True
2022,14,1,0.5,0.15021582994597227,-10,False
2022,14,1,0.5,0.17939647061511063,-12,False
2022,14,1,0.5,0.21034839381072606,-23,False
2022,14,1,0.5,0.2658740966633015,20,True
2022,14,1,0.5,-0.25812916686740545,19,True
2022,14,1,0.5,0.13291077658757497,0,False
2022,14,1,0.7,0.04937721314839527,17,True
2022,14,1,0.7,0.049534768116238914,-29,False
2022,14,1,0.7,-0.058209370605377564,-3,False
2022,14,1,0.7,0.2652673817079282,21,True
2022,14,1,0.7,0.10076592629579254,21,True
2022,14,1,0.7,0.17260835758490825,-10,False
2022,14,1,0.7,0.12620674709772747,-12,False
2022,14,1,0.7,0.2068846125673564,-23,False
2022,14,1,0.7,0.2075559795958582,20,True
2022,14,1,0.7,-0.254425289546144,19,True
2022,14,1,0.7,0.10845036687276181,0,False
2023,6,1,0.3,-0.2533472311730567,-15,False
2023,6,1,0.3,-0.12522061716113203,-7,False
2023,6,1,0.3,0.9089397865229658,5,True
2023,6,1,0.3,0.12195848056641527,17,True
2023,6,1,0.3,0.061262937790550226,-3,False
2023,6,1,0.3,0.14027811469124804,24,True
2023,6,1,0.3,0.030514483155484107,38,True
2023,6,1,0.3,-0.06376274788757388,-13,False
2023,6,1,0.3,0.0003157573011405117,6,True
2023,6,1,0.3,-0.5747856001393723,-42,False
2023,6,1,0.3,-0.1404402999670391,13,True
2023,6,1,0.3,0.2292739588590295,-10,False
2023,6,1,0.3,-0.07547490228014186,20,True
2023,6,1,0.3,0.264071382695237,7,True
2023,6,1,0.3,0.27771887383294414,-7,False
2023,6,1,0.3,0.19049153029111687,-4,False
2023,6,1,0.3,0.08869272653947988,11,True
2023,6,1,0.3,0.8455333512078805,2,True
2023,6,1,0.3,-0.09134063550499198,-3,False
2023,6,1,0.3,-0.2513801007973337,-12,False
2023,6,1,0.3,-0.22302856360424456,8,True
2023,6,1,0.3,-0.11697544571014218,13,True
2023,6,1,0.3,0.17880147715644107,5,True
2023,6,1,0.3,0.19495935906005865,22,True
2023,6,1,0.3,0.4588352153570756,-3,False
2023,6,1,0.3,0.0972266097453846,33,True
2023,6,1,0.3,-0.16646812281708734,7,True
2023,6,1,0.3,-0.3927920988083297,8,True
2023,6,1,0.3,-0.3670595963909922,-25,False
2023,6,1,0.3,-0.16942023526544298,13,True
2023,6,1,0.3,0.037816659945691,29,True
2023,6,1,0.3,-0.2706107204254285,-4,False
2023,6,1,0.3,-0.4198406943612567,-17,False
2023,6,1,0.3,-0.24600235830950817,3,True
2023,6,1,0.3,-0.23335787176419065,21,True
2023,6,1,0.3,-0.14278352425971813,-15,False
2023,6,1,0.3,0.08033174612232577,3,True
2023,6,1,0.3,-0.09397300742461882,4,True
2023,6,1,0.3,-0.03972753140758807,-48,False
2023,6,1,0.3,-0.1292334432246835,-4,False
2023,6,1,0.3,0.09001773240279269,34,True
2023,6,1,0.3,0.16558816071774785,14,True
2023,6,1,0.3,-0.22964771415024454,24,True
2023,6,1,0.3,0.5723864130854499,27,True
2023,6,1,0.3,0.5599116752894803,25,True
2023,6,1,0.3,0.0239189152443096,-41,False
2023,6,1,0.3,-0.30720929423987814,20,True
2023,6,1,0.3,-0.35552796008357473,5,True
2023,6,1,0.3,0.12912760590698003,8,True
2023,6,1,0.5,-0.16663302895977591,-15,False
2023,6,1,0.5,-0.13615871944029134,-7,False
2023,6,1,0.5,0.7660571379046256,5,True
2023,6,1,0.5,0.130710632684669,17,True
2023,6,1,0.5,0.03078706005939197,-3,False
2023,6,1,0.5,0.13139310433036536,24,True
2023,6,1,0.5,0.047513472582422056,38,True
2023,6,1,0.5,-0.026223796183736818,-13,False
2023,6,1,0.5,-0.037569182121184035,6,True
2023,6,1,0.5,-0.49433166517521676,-42,False
2023,6,1,0.5,-0.11726163031846526,13,True
2023,6,1,0.5,0.16686058974177878,-10,False
2023,6,1,0.5,-0.009355443446055683,20,True
2023,6,1,0.5,0.2614658821558214,7,True
2023,6,1,0.5,0.23539913973264345,-7,False
2023,6,1,0.5,0.19833796683348814,-4,False
2023,6,1,0.5,0.04480639990428961,11,True
2023,6,1,0.5,0.7433868915428183,2,True
2023,6,1,0.5,-0.08471706731100481,-3,False
2023,6,1,0.5,-0.25618165112392455,-12,False
2023,6,1,0.5,-0.25137738062587867,8,True
2023,6,1,0.5,-0.13198675372424098,13,True
2023,6,1,0.5,0.20137791976346042,5,True
2023,6,1,0.5,0.1793406560937688,22,True
2023,6,1,0.5,0.37329338199239565,-3,False
2023,6,1,0.5,0.09199203829152383,33,True
2023,6,1,0.5,-0.1202816253423715,7,True
2023,6,1,0.5,-0.3796550127263646,8,True
2023,6,1,0.5,-0.29616983935402247,-25,False
2023,6,1,0.5,-0.16201551496837024,13,True
2023,6,1,0.5,0.07190806545425668,29,True
2023,6,1,0.5,-0.24584919484802198,-4,False
2023,6,1,0.5,-0.3461438928288071,-17,False
2023,6,1,0.5,-0.20510017338628506,3,True
2023,6,1,0.5,-0.13011246882663735,21,True
2023,6,1,0.5,-0.08956541999043355,-15,False
2023,6,1,0.5,0.047404142061787766,3,True
2023,6,1,0.5,-0.03759896651544049,4,True
2023,6,1,0.5,-0.03033294007719317,-48,False
2023,6,1,0.5,-0.12004346286324782,-4,False
2023,6,1,0.5,0.09687321581074002,34,True
2023,6,1,0.5,0.10522306520463354,14,True
2023,6,1,0.5,-0.18457761824656294,24,True
2023,6,1,0.5,0.4719074881724068,27,True
2023,6,1,0.5,0.4000658411836347,25,True
2023,6,1,0.5,-0.011362014157214148,-41,False
2023,6,1,0.5,-0.22626686046448102,20,True
2023,6,1,0.5,-0.2766337015140815,5,True
2023,6,1,0.5,0.10560279879288831,8,True
2023,6,1,0.7,-0.07991882674649517,-15,False
2023,6,1,0.7,-0.1470968217194507,-7,False
2023,6,1,0.7,0.6231744892862854,5,True
2023,6,1,0.7,0.1394627848029226,17,True
2023,6,1,0.7,0.00031118232823379444,-3,False
2023,6,1,0.7,0.12250809396948277,24,True
2023,6,1,0.7,0.06451246200936012,38,True
2023,6,1,0.7,0.01131515552010012,-13,False
2023,6,1,0.7,-0.0754541215435084,6,True
2023,6,1,0.7,-0.4138777302110611,-42,False
2023,6,1,0.7,-0.09408296066989127,13,True
2023,6,1,0.7,0.10444722062452824,-10,False
2023,6,1,0.7,0.05676401538803055,20,True
2023,6,1,0.7,0.2588603816164056,7,True
2023,6,1,0.7,0.19307940563234272,-7,False
2023,6,1,0.7,0.2061844033758595,-4,False
2023,6,1,0.7,0.0009200732690994584,11,True
2023,6,1,0.7,0.6412404318777559,2,True
2023,6,1,0.7,-0.0780934991170176,-3,False
2023,6,1,0.7,-0.26098320145051546,-12,False
2023,6,1,0.7,-0.2797261976475127,8,True
2023,6,1,0.7,-0.14699806173833962,13,True
2023,6,1,0.7,0.2239543623704798,5,True
2023,6,1,0.7,0.16372195312747878,22,True
2023,6,1,0.7,0.2877515486277156,-3,False
2023,6,1,0.7,0.08675746683766303,33,True
2023,6,1,0.7,-0.07409512786765567,7,True
2023,6,1,0.7,-0.3665179266443995,8,True
2023,6,1,0.7,-0.22528008231705288,-25,False
2023,6,1,0.7,-0.15461079467129762,13,True
2023,6,1,0.7,0.10599947096282261,29,True
2023,6,1,0.7,-0.22108766927061552,-4,False
2023,6,1,0.7,-0.27244709129635747,-17,False
2023,6,1,0.7,-0.1641979884630621,3,True
2023,6,1,0.7,-0.026867065889083955,21,True
2023,6,1,0.7,-0.03634731572114899,-15,False
2023,6,1,0.7,0.014476538001249706,3,True
2023,6,1,0.7,0.018775074393737906,4,True
2023,6,1,0.7,-0.020938348746798424,-48,False
2023,6,1,0.7,-0.11085348250181212,-4,False
2023,6,1,0.7,0.10372869921868745,34,True
2023,6,1,0.7,0.04485796969151917,14,True
2023,6,1,0.7,-0.13950752234288122,24,True
2023,6,1,0.7,0.37142856325936346,27,True
2023,6,1,0.7,0.24022000707778923,25,True
2023,6,1,0.7,-0.04664294355873778,-41,False
2023,6,1,0.7,-0.1453244266890839,20,True
2023,6,1,0.7,-0.19773944294458834,5,True
2023,6,1,0.7,0.08207799167879676,8,True
2023,10,1,0.3,0.4691811394188305,-20,False
2023,10,1,0.3,-0.1586741832784734,14,True
2023,10,1,0.3,0.1618383722024939,3,True
2023,10,1,0.3,0.18302315180106332,9,True
2023,10,1,0.3,-0.33787410244222466,6,True
2023,10,1,0.3,0.6624265609349137,26,True
2023,10,1,0.3,-0.06365178089536194,-36,False
2023,10,1,0.3,0.8448514877791004,28,True
2023,10,1,0.3,-0.2202636243897178,3,True
2023,10,1,0.3,0.04940212757032924,-1,False
2023,10,1,0.3,-0.26034025978269015,-21,False
2023,10,1,0.3,0.23234825989323787,6,True
2023,10,1,0.3,-0.05579420965853729,-3,False
2023,10,1,0.3,0.010900429783770565,3,True
2023,10,1,0.3,-0.29923545584686895,-19,False
2023,10,1,0.3,-0.2436490896969084,10,True
2023,10,1,0.3,0.34992277037002245,56,True
2023,10,1,0.3,-0.08758838169691352,-8,False
2023,10,1,0.3,-0.23181440480742357,-16,False
2023,10,1,0.3,0.050828006818808724,17,True
2023,10,1,0.3,-0.26960234171474184,-7,False
2023,10,1,0.3,0.4877743070658693,44,True
2023,10,1,0.3,-0.09998638117336722,-10,False
2023,10,1,0.3,0.07264215722307675,52,True
2023,10,1,0.3,0.1797037872488068,-3,False
2023,10,1,0.3,-0.15450162073429177,8,True
2023,10,1,0.3,0.21371601301390036,0,False
2023,10,1,0.3,-0.012136802697214802,-7,False
2023,10,1,0.3,-0.39847827515864565,-17,False
2023,10,1,0.3,0.008227345613833606,-28,False
2023,10,1,0.3,0.2116508214741814,31,True
2023,10,1,0.3,-0.1766640026712544,14,True
2023,10,1,0.3,-0.0996997579235276,7,True
2023,10,1,0.3,-0.13997491274482501,0,False
2023,10,1,0.3,-0.0920363598686439,-2,False
2023,10,1,0.3,-0.03532728997404877,-7,False
2023,10,1,0.3,-0.3977317400444984,3,True
2023,10,1,0.3,0.13445220389129217,3,True
2023,10,1,0.3,0.08063377508676317,30,True
2023,10,1,0.3,0.10989445005509399,-7,False
2023,10,1,0.3,-0.4955057068639974,-3,False
2023,10,1,0.3,-0.025001121175251217,3,True
2023,10,1,0.3,-0.2326707579105119,14,True
2023,10,1,0.3,-0.16345467818398712,-8,False
2023,10,1,0.3,0.10272297491808767,9,True
2023,10,1,0.3,-0.07572328179351429,-5,False
2023,10,1,0.3,0.051193232176958134,18,True
2023,10,1,0.3,0.18527709219290225,22,True
2023,10,1,0.3,-0.12979832295172813,-28,False
2023,10,1,0.3,-0.05830163912861194,-4,False
2023,10,1,0.3,-0.16401261704982023,20,True
2023,10,1,0.3,-0.09637546578464568,17,True
2023,10,1,0.3,0.07500509230053941,21,True
2023,10,1,0.3,-0.3251312126032464,6,True
2023,10,1,0.3,0.32776734683457254,18,True
2023,10,1,0.3,-0.03724322083342549,3,True
2023,10,1,0.3,0.2441814850652055,4,True
2023,10,1,0.3,0.0019503575168296344,7,True
2023,10,1,0.3,0.07056566409842724,9,True
2023,10,1,0.3,-0.03873838172556904,-13,False
2023,10,1,0.3,-0.34687361705553804,-42,False
2023,10,1,0.3,-0.11642194331684824,0,False
2023,10,1,0.5,0.40512688872279595,-20,False
2023,10,1,0.5,-0.20127164843153075,14,True
2023,10,1,0.5,0.1870312514813876,3,True
2023,10,1,0.5,0.1437082778195664,9,True
2023,10,1,0.5,-0.24792927007002097,6,True
2023,10,1,0.5,0.6105490175196557,26,True
2023,10,1,0.5,-0.032989041105795286,-36,False
2023,10,1,0.5,0.7080853037423857,28,True
2023,10,1,0.5,-0.17750529575624346,3,True
2023,10,1,0.5,-0.007564101978088988,-1,False
2023,10,1,0.5,-0.24876431105472963,-21,False
2023,10,1,0.5,0.1898886401507357,6,True
2023,10,1,0.5,-0.008146778297830837,-3,False
2023,10,1,0.5,0.013913395426875474,3,True
2023,10,1,0.5,-0.27826617421464356,-19,False
2023,10,1,0.5,-0.17028181397956887,10,True
2023,10,1,0.5,0.30704823508147705,56,True
2023,10,1,0.5,-0.0868475745981601,-8,False
2023,10,1,0.5,-0.20369447831623597,-16,False
2023,10,1,0.5,0.08613198164955302,17,True
2023,10,1,0.5,-0.24444707722191328,-7,False
2023,10,1,0.5,0.44189576133859315,44,True
2023,10,1,0.5,-0.06706174100078671,-10,False
2023,10,1,0.5,0.0406932570071062,52,True
2023,10,1,0.5,0.1341296196690809,-3,False
2023,10,1,0.5,-0.1520599091311349,8,True
2023,10,1,0.5,0.21894533448833142,0,False
2023,10,1,0.5,-0.011204689530467077,-7,False
2023,10,1,0.5,-0.36545612642121383,-17,False
2023,10,1,0.5,-0.009516975444280797,-28,False
2023,10,1,0.5,0.1882323542027538,31,True
2023,10,1,0.5,-0.14173366127064996,14,True
2023,10,1,0.5,-0.11502777289172376,7,True
2023,10,1,0.5,-0.12409978661590912,0,False
2023,10,1,0.5,-0.06585771344688224,-2,False
2023,10,1,0.5,-0.09941791950077337,-7,False
2023,10,1,0.5,-0.3570159091374802,3,True
2023,10,1,0.5,0.11560451971992511,3,True
2023,10,1,0.5,0.10033308297467655,30,True
2023,10,1,0.5,0.12550353901584865,-7,False
2023,10,1,0.5,-0.4528262482657007,-3,False
2023,10,1,0.5,0.031582213120878735,3,True
2023,10,1,0.5,-0.1480866288190701,14,True
2023,10,1,0.5,-0.11324563205787705,-8,False
2023,10,1,0.5,0.10754029762770129,9,True
2023,10,1,0.5,-0.03842859948879941,-5,False
2023,10,1,0.5,0.03103482975509464,18,True
2023,10,1,0.5,0.18396511578957198,22,True
2023,10,1,0.5,-0.10986129268769612,-28,False
2023,10,1,0.5,-0.059002228491829824,-4,False
2023,10,1,0.5,-0.18936509908762267,20,True
2023,10,1,0.5,-0.06726657757153534,17,True
2023,10,1,0.5,0.04691918367748482,21,True
2023,10,1,0.5,-0.2785508672562687,6,True
2023,10,1,0.5,0.3055059765706242,18,True
2023,10,1,0.5,-0.04256720605678721,3,True
2023,10,1,0.5,0.18365185429968642,4,True
2023,10,1,0.5,-0.008852925161661137,7,True
2023,10,1,0.5,0.05688189325258744,9,True
2023,10,1,0.5,-0.04088307991582152,-13,False
2023,10,1,0.5,-0.2678431978932922,-42,False
2023,10,1,0.5,-0.09648549050088104,0,False
2023,10,1,0.7,0.3410726380267616,-20,False
2023,10,1,0.7,-0.243869113584588,14,True
2023,10,1,0.7,0.21222413076028124,3,True
2023,10,1,0.7,0.10439340383806925,9,True
2023,10,1,0.7,-0.15798443769781728,6,True
2023,10,1,0.7,0.5586714741043979,26,True
2023,10,1,0.7,-0.0023263013162286156,-36,False
2023,10,1,0.7,0.5713191197056707,28,True
2023,10,1,0.7,-0.134746967122769,3,True
2023,10,1,0.7,-0.06453033152650724,-1,False
2023,10,1,0.7,-0.23718836232676907,-21,False
2023,10,1,0.7,0.14742902040823352,6,True
2023,10,1,0.7,0.039500653062875424,-3,False
2023,10,1,0.7,0.01692636106998041,3,True
2023,10,1,0.7,-0.25729689258241817,-19,False
2023,10,1,0.7,-0.09691453826222929,10,True
2023,10,1,0.7,0.26417369979293165,56,True
2023,10,1,0.7,-0.08610676749940666,-8,False
2023,10,1,0.7,-0.17557455182504822,-16,False
2023,10,1,0.7,0.1214359564802973,17,True
2023,10,1,0.7,-0.21929181272908482,-7,False
2023,10,1,0.7,0.39601721561131714,44,True
2023,10,1,0.7,-0.03413710082820609,-10,False
2023,10,1,0.7,0.008744356791135638,52,True
2023,10,1,0.7,0.08855545208935506,-3,False
2023,10,1,0.7,-0.1496181975279778,8,True
2023,10,1,0.7,0.22417465596276256,0,False
2023,10,1,0.7,-0.010272576363719282,-7,False
2023,10,1,0.7,-0.3324339776837819,-17,False
2023,10,1,0.7,-0.02726129650239517,-28,False
2023,10,1,0.7,0.16481388693132626,31,True
2023,10,1,0.7,-0.10680331987004553,14,True
2023,10,1,0.7,-0.13035578785992,7,True
2023,10,1,0.7,-0.1082246604869932,0,False
2023,10,1,0.7,-0.039679067025120626,-2,False
2023,10,1,0.7,-0.1635085490274979,-7,False
2023,10,1,0.7,-0.3163000782304621,3,True
2023,10,1,0.7,0.09675683554855784,3,True
2023,10,1,0.7,0.12003239086258996,30,True
2023,10,1,0.7,0.14111262797660312,-7,False
2023,10,1,0.7,-0.41014678966740414,-3,False
2023,10,1,0.7,0.08816554741700862,3,True
2023,10,1,0.7,-0.06350249972762842,14,True
2023,10,1,0.7,-0.06303658593176716,-8,False
2023,10,1,0.7,0.11235762033731497,9,True
2023,10,1,0.7,-0.001133917184084371,-5,False
2023,10,1,0.7,0.010876427333231228,18,True
2023,10,1,0.7,0.18265313938624161,22,True
2023,10,1,0.7,-0.08992426242366422,-28,False
2023,10,1,0.7,-0.05970281785504765,-4,False
2023,10,1,0.7,-0.21471758112542502,20,True
2023,10,1,0.7,-0.03815768935842498,17,True
2023,10,1,0.7,0.01883327505443024,21,True
2023,10,1,0.7,-0.23197052190929107,6,True
2023,10,1,0.7,0.28324460630667603,18,True
2023,10,1,0.7,-0.04789119128014868,3,True
2023,10,1,0.7,0.12312222353416738,4,True
2023,10,1,0.7,-0.019656207840152054,7,True
2023,10,1,0.7,0.04319812240674764,9,True
2023,10,1,0.7,-0.043027778106074055,-13,False
2023,10,1,0.7,-0.18881277873104635,-42,False
2023,10,1,0.7,-0.07654903768491378,0,False
2023,14,1,0.3,-0.23128481494105246,3,True
2023,14,1,0.3,0.36367337646379566,14,True
2023,14,1,0.3,-0.07692567573628001,-12,False
2023,14,1,0.3,0.02582498714057707,10,True
2023,14,1,0.3,0.3250774455690835,28,True
2023,14,1,0.3,-0.6517700285140111,-26,False
2023,14,1,0.3,0.2077099666176678,-9,False
2023,14,1,0.3,0.0652430590919918,-24,False
2023,14,1,0.3,-0.2120439014337054,3,True
2023,14,1,0.3,-0.05013263956784522,12,True
2023,14,1,0.5,-0.2064551677695931,3,True
2023,14,1,0.5,0.33444052685775477,14,True
2023,14,1,0.5,-0.06975145979407357,-12,False
2023,14,1,0.5,0.006907284227692823,10,True
2023,14,1,0.5,0.2709772339151579,28,True
2023,14,1,0.5,-0.6129166122794203,-26,False
2023,14,1,0.5,0.195714298692592,-9,False
2023,14,1,0.5,0.04080123267731924,-24,False
2023,14,1,0.5,-0.19016919707233096,3,True
2023,14,1,0.5,-0.07850274988857149,12,True
2023,14,1,0.7,-0.18162552059813397,3,True
2023,14,1,0.7,0.30520767725171394,14,True
2023,14,1,0.7,-0.06257724385186696,-12,False
2023,14,1,0.7,-0.01201041868519137,10,True
2023,14,1,0.7,0.21687702226123218,28,True
2023,14,1,0.7,-0.5740631960448294,-26,False
2023,14,1,0.7,0.18371863076751613,-9,False
2023,14,1,0.7,0.016359406262646717,-24,False
2023,14,1,0.7,-0.16829449271095637,3,True
2023,14,1,0.7,-0.1068728602092979,12,True
