season,team,ret_ppa_total,ret_ppa_pass,ret_usage,ret_pass_usage,sp_overall,sp_offense,sp_defense,portal_net_count,portal_net_rating
2021,Air Force,127.1,35.0,0.724,1.0,7.4,30.0,22.0,-2.0,0.0
2021,Akron,27.7,-19.8,0.805,0.902,-23.1,20.3,41.7,-11.0,0.0
2021,Alabama,141.0,16.7,0.26,0.072,26.0,40.9,15.6,-7.0,-4.77
2021,App State,274.6,12.1,0.584,0.03,10.3,32.0,23.5,3.0,0.8
2021,Arizona,40.2,-15.2,0.478,0.427,-12.6,19.2,32.3,-2.0,4.03
2021,Arizona State,127.9,29.9,0.966,1.0,11.8,33.5,20.9,-11.0,3.33
2021,Arkansas,157.6,-7.7,0.423,0.019,13.8,34.3,21.3,-11.0,-0.050000000000000266
2021,Arkansas State,358.4,198.4,0.661,0.992,-17.9,21.0,40.0,8.0,-0.019999999999999796
2021,Army,161.0,13.6,0.858,1.0,4.7,28.8,23.5,-2.0,0.0
2021,Auburn,169.5,71.6,0.714,0.997,11.0,30.2,19.8,-12.0,0.9100000000000001
2021,Ball State,234.0,95.9,0.838,1.0,-11.2,21.6,33.7,-7.0,0.0
2021,Baylor,92.8,-3.2,0.45,0.031,15.6,33.1,17.1,-2.0,1.7700000000000002
2021,Boise State,176.5,67.1,0.917,0.871,9.4,28.4,20.8,-1.0,0.0
2021,Boston College,316.3,156.3,0.801,1.0,0.9,27.0,26.5,-9.0,1.65
2021,Bowling Green,5.3,-19.7,0.582,1.0,-12.4,17.1,29.8,-9.0,0.0
2021,Buffalo,130.8,66.7,0.602,1.0,-9.5,24.6,33.1,-14.0,-1.72
2021,BYU,262.4,18.3,0.557,0.13,8.9,37.2,27.9,2.0,0.9
2021,California,54.7,7.2,0.904,0.993,3.4,27.5,25.0,-7.0,0.030000000000000027
2021,Central Michigan,120.4,24.7,0.768,0.618,-1.0,28.5,29.3,-15.0,-0.029999999999999916
2021,Charlotte,120.7,39.0,0.815,1.0,-13.7,27.6,41.2,-1.0,-0.8400000000000001
2021,Cincinnati,314.8,111.0,0.735,0.952,21.2,37.5,15.9,-7.0,0.84
2021,Clemson,145.0,42.5,0.351,0.308,18.7,28.3,11.6,-8.0,-5.34
2021,Coastal Carolina,409.3,166.5,0.72,0.87,13.2,39.5,26.1,-7.0,0.0
2021,Colorado,102.3,5.6,0.547,0.06,-10.0,18.8,29.6,-7.0,-0.7800000000000002
2021,Colorado State,26.2,-3.5,0.69,0.32,-2.4,23.3,25.9,-7.0,0.04999999999999982
2021,Duke,159.7,3.2,0.379,0.086,-13.5,23.4,36.3,-1.0,-1.73
2021,East Carolina,206.2,56.8,1.0,1.0,0.5,27.4,28.3,-3.0,-0.8
2021,Eastern Michigan,194.3,74.8,0.921,1.0,-7.8,27.2,37.2,-9.0,0.0
2021,Florida,167.5,11.0,0.41,0.073,11.0,35.0,23.2,-3.0,1.0399999999999996
2021,Florida Atlantic,137.8,21.0,0.94,1.0,-5.2,23.1,28.4,-2.0,2.43
2021,Florida International,25.6,-16.2,0.699,0.568,-21.6,19.9,40.2,,
2021,Florida State,165.7,-3.5,0.735,0.739,7.6,29.8,23.0,-5.0,1.7999999999999998
2021,Fresno State,230.7,69.5,0.96,0.941,10.8,34.7,24.2,-5.0,1.66
2021,Georgia,304.6,96.9,0.923,0.9,32.0,41.4,10.3,-10.0,-3.8600000000000003
2021,Georgia Southern,120.5,2.5,0.535,0.165,-15.3,18.4,34.0,-10.0,-1.72
2021,Georgia State,269.6,69.2,0.981,1.0,1.8,27.5,26.7,-4.0,-0.07000000000000006
2021,Georgia Tech,189.8,26.9,0.901,0.944,-6.7,27.0,32.4,-9.0,1.79
2021,Hawai'i,193.6,65.8,0.685,0.994,-2.3,27.1,30.1,-4.0,0.0
2021,Houston,128.9,42.6,0.723,0.964,10.9,31.5,20.0,-2.0,3.31
2021,Illinois,124.0,24.5,0.921,1.0,4.3,23.2,21.8,-8.0,1.6199999999999997
2021,Indiana,147.5,56.5,0.678,1.0,-7.8,20.4,27.3,-2.0,2.5
2021,Iowa,118.5,47.2,0.765,0.996,11.4,23.6,14.4,-9.0,0.84
2021,Iowa State,384.2,128.6,0.904,0.995,14.3,33.8,20.2,-5.0,0.020000000000000018
2021,Kansas,43.3,-14.7,0.909,0.966,-19.7,22.3,40.6,-14.0,-1.68
2021,Kansas State,177.4,63.8,0.785,0.934,14.2,33.5,19.0,-7.0,1.62
2021,Kent State,230.2,82.3,0.911,1.0,-6.4,32.3,36.9,-7.0,0.0
2021,Kentucky,38.6,-13.9,0.423,0.198,13.4,35.1,22.3,-3.0,5.9399999999999995
2021,Liberty,380.7,109.5,0.831,0.883,8.4,32.1,23.1,-3.0,0.84
2021,Louisiana,238.2,83.7,0.65,1.0,8.7,30.3,21.2,2.0,2.42
2021,Louisiana Tech,125.1,23.4,0.619,0.992,-11.6,23.6,34.4,-2.0,0.8200000000000002
2021,Louisville,278.6,104.9,0.847,0.985,7.8,34.9,26.6,-10.0,0.1499999999999999
2021,LSU,200.4,72.8,0.668,0.661,4.1,28.0,25.6,-12.0,-7.630000000000001
2021,Marshall,175.8,51.5,0.728,0.997,8.0,32.8,23.5,-7.0,-0.15999999999999992
2021,Maryland,120.3,36.3,0.675,0.913,6.2,34.8,27.4,-14.0,-3.3000000000000007
2021,Massachusetts,-9.3,-0.1,0.547,0.45,-29.3,16.1,43.9,-10.0,0.0
2021,Memphis,143.8,0.3,0.494,0.002,1.0,29.6,27.9,-13.0,1.4699999999999998
2021,Miami,330.5,126.7,0.882,0.878,10.8,34.8,25.0,-2.0,2.6700000000000004
2021,Miami (OH),93.5,40.5,0.92,1.0,1.5,29.3,26.8,-8.0,-0.83
2021,Michigan,92.7,19.3,0.531,0.327,23.4,36.5,15.8,-15.0,-2.4100000000000006
2021,Michigan State,63.9,18.0,0.671,0.374,11.2,34.3,21.7,-7.0,3.3599999999999994
2021,Middle Tennessee,130.1,5.9,0.435,0.066,-4.0,24.0,27.1,-4.0,1.62
2021,Minnesota,180.0,57.6,0.893,0.995,14.4,29.3,15.4,-5.0,3.3
2021,Mississippi State,142.3,33.0,0.622,0.622,10.5,34.6,22.0,-14.0,-0.6999999999999997
2021,Missouri,239.7,126.1,0.673,1.0,3.1,31.1,29.9,-16.0,1.7699999999999996
2021,Navy,42.7,-0.5,0.33,0.417,-8.5,20.0,27.7,-7.0,0.0
2021,NC State,264.5,47.3,0.689,0.331,16.1,33.1,17.7,-7.0,-0.71
2021,Nebraska,120.4,32.0,0.499,0.675,10.3,34.1,21.3,-13.0,-1.62
2021,Nevada,338.7,129.5,0.995,1.0,3.6,30.3,26.9,-6.0,0.0
2021,New Mexico,100.7,5.0,0.834,1.0,-18.6,11.6,29.8,-10.0,0.0
2021,New Mexico State,6.8,1.6,0.923,1.0,-24.2,20.6,43.7,-9.0,0.0
2021,North Carolina,304.1,176.6,0.541,0.995,6.4,37.8,31.7,-20.0,-3.13
2021,Northern Illinois,71.2,0.0,0.522,0.0,-7.1,29.4,36.1,-18.0,0.8
2021,North Texas,231.4,80.6,0.517,0.505,-6.5,23.1,28.5,-8.0,-1.66
2021,Northwestern,32.2,0.0,0.179,0.0,-11.1,19.4,27.3,-1.0,-0.7800000000000002
2021,Notre Dame,153.9,4.1,0.46,0.021,17.4,36.2,18.9,-15.0,-3.98
2021,Ohio,60.5,10.5,0.906,1.0,-11.6,25.1,35.2,-4.0,0.0
2021,Ohio State,170.0,10.2,0.401,0.012,29.3,47.2,20.6,-4.0,-2.58
2021,Oklahoma,351.1,167.1,0.591,0.885,16.8,41.1,25.6,-9.0,-1.5
2021,Oklahoma State,141.1,64.6,0.679,0.978,17.2,30.6,14.3,-3.0,0.0
2021,Ole Miss,415.5,164.0,0.892,0.997,14.8,36.8,22.4,-6.0,-0.7600000000000002
2021,Oregon,130.5,15.6,0.54,0.126,10.2,35.0,26.0,-12.0,-2.54
2021,Oregon State,163.3,39.8,0.765,1.0,8.9,36.9,28.5,-8.0,3.23
2021,Penn State,249.6,89.8,0.808,0.817,14.3,28.0,14.6,-8.0,-2.29
2021,Pittsburgh,240.7,76.6,0.935,0.998,17.6,38.2,21.4,-2.0,0.81
2021,Purdue,180.8,80.4,0.895,1.0,10.3,32.6,21.1,0.0,0.7900000000000001
2021,Rice,40.7,6.5,0.706,0.345,-22.9,18.2,38.3,-2.0,-0.019999999999999907
2021,Rutgers,141.8,20.4,0.848,0.752,-3.0,20.8,23.7,-10.0,3.27
2021,San Diego State,109.0,16.6,0.798,0.484,8.3,23.7,17.1,-7.0,0.81
2021,San José State,194.7,102.5,0.832,1.0,-1.9,22.6,25.2,2.0,0.0
2021,SMU,175.4,-1.1,0.468,0.003,8.9,36.7,27.1,5.0,5.09
2021,South Alabama,197.9,69.9,0.655,0.755,-7.2,21.4,28.0,2.0,1.63
2021,South Carolina,147.9,9.0,0.518,0.239,3.9,26.0,24.2,-4.0,0.8499999999999996
2021,Southern Miss,112.1,0.3,0.469,0.004,-14.2,15.0,28.6,-7.0,0.79
2021,South Florida,136.8,16.5,0.941,0.994,-12.1,23.5,36.2,-7.0,0.8200000000000001
2021,Stanford,97.5,11.7,0.489,0.116,-10.2,22.2,33.6,-2.0,0.0
2021,Syracuse,74.1,-0.7,0.644,0.468,0.3,27.1,25.2,-13.0,0.0
2021,TCU,200.5,33.4,0.863,0.997,-0.6,33.2,33.9,-17.0,-0.71
2021,Temple,59.4,-0.8,0.499,0.218,-19.1,17.5,34.1,-7.0,-2.5199999999999996
2021,Tennessee,76.0,16.7,0.273,0.283,17.5,39.4,23.8,-27.0,-7.130000000000001
2021,Texas,160.0,15.7,0.395,0.069,8.5,34.6,28.4,-8.0,-3.4399999999999995
2021,Texas A&M,241.5,6.2,0.599,0.018,21.1,33.6,14.9,-18.0,-4.069999999999999
2021,Texas State,248.8,51.7,0.905,0.998,-16.0,20.7,36.9,4.0,1.62
2021,Texas Tech,180.0,34.5,0.679,0.443,9.8,34.6,27.1,-5.0,2.49
2021,Toledo,201.2,43.0,0.715,0.414,6.9,29.0,20.7,2.0,0.8
2021,Troy,172.9,79.3,0.678,0.659,-6.5,20.1,26.7,-1.0,2.41
2021,Tulane,266.9,45.1,0.699,0.822,-3.9,27.9,30.4,-6.0,0.0
2021,Tulsa,166.9,15.5,0.471,0.141,5.8,28.7,24.0,-1.0,-0.8899999999999999
2021,UAB,158.7,80.9,0.635,0.996,9.1,32.1,21.7,-2.0,0.8
2021,UCF,320.3,182.3,0.589,0.993,4.8,29.6,23.4,-7.0,-3.4300000000000006
2021,UCLA,220.0,80.7,0.757,1.0,9.4,37.7,27.8,0.0,5.99
2021,UL Monroe,144.3,32.4,0.778,0.998,-20.3,15.6,35.1,-6.0,-1.58
2021,UNLV,73.1,5.4,0.584,0.219,-13.8,19.9,33.0,-8.0,-0.84
2021,USC,182.1,91.8,0.653,0.902,-0.6,32.3,33.4,0.0,3.3099999999999996
2021,Utah,40.5,-1.4,0.268,0.043,15.2,37.2,20.7,-9.0,-0.020000000000000018
2021,Utah State,41.7,0.7,0.51,0.401,0.1,28.4,27.9,-4.0,-0.8599999999999997
2021,UTEP,198.6,74.0,0.873,0.992,-4.2,23.9,28.3,-7.0,0.0
2021,UTSA,280.1,57.6,0.958,1.0,6.5,33.0,27.8,3.0,0.81
2021,Vanderbilt,149.9,43.6,0.934,1.0,-19.4,17.4,35.6,-16.0,-0.8399999999999999
2021,Virginia,259.7,69.4,0.942,0.997,7.2,39.3,31.5,-3.0,0.83
2021,Virginia Tech,187.0,32.3,0.528,0.393,2.4,26.7,25.2,-12.0,-0.11999999999999966
2021,Wake Forest,312.3,118.6,0.853,1.0,10.1,38.0,29.2,-5.0,-0.8700000000000001
2021,Washington,114.6,45.9,0.916,0.991,-0.7,22.8,23.6,-6.0,-0.9299999999999997
2021,Washington State,25.1,0.7,0.855,0.667,6.7,32.0,26.0,-17.0,1.6600000000000001
2021,Western Kentucky,63.8,-1.9,0.319,0.008,13.3,40.5,28.8,-5.0,0.82
2021,Western Michigan,219.2,101.8,0.894,1.0,0.6,33.1,29.0,-6.0,-0.84
2021,West Virginia,236.5,89.1,0.845,0.943,1.8,27.7,25.0,-21.0,-2.5100000000000002
2021,Wisconsin,105.8,20.5,0.665,0.99,20.1,29.8,10.8,-6.0,-0.020000000000000018
2021,Wyoming,93.8,8.1,0.946,1.0,0.6,26.0,23.5,-3.0,0.0
2021,Old Dominion,,,,,-7.4,21.2,28.0,-7.0,-0.9299999999999999
2021,UConn,,,,,-25.6,12.7,36.8,-5.0,0.0
2021,nationalAverages,,,,,1.9807692307692308,28.64923076923077,26.674615384615386,,
2021,New Mexico Military Institute,,,,,,,,1.0,0.0
2021,Charleston Southern,,,,,,,,0.0,0.0
2021,North Carolina A&T,,,,,,,,3.0,0.0
2021,Eastern Washington,,,,,,,,2.0,0.0
2021,Murray State,,,,,,,,1.0,0.0
2021,Butler C.C.,,,,,,,,3.0,0.0
2021,Independence C.C.,,,,,,,,3.0,0.0
2021,South Dakota,,,,,,,,1.0,0.0
2021,UT Martin,,,,,,,,1.0,0.0
2021,Richmond,,,,,,,,-1.0,0.0
2021,Norfolk State,,,,,,,,0.0,0.0
2021,Winston-Salem State,,,,,,,,1.0,0.0
2021,Kilgore J.C.,,,,,,,,1.0,0.0
2021,Hutchinson C.C.,,,,,,,,2.0,0.0
2021,Yale,,,,,,,,-1.0,-0.8
2021,Santa Rosa J.C.,,,,,,,,1.0,0.0
2021,Montana,,,,,,,,-1.0,-0.87
2021,College of Charleston,,,,,,,,1.0,0.0
2021,Garden City C.C. ,,,,,,,,1.0,0.0
2021,Northern Arizona,,,,,,,,3.0,0.0
2021,Missouri State,,,,,,,,3.0,-0.83
2021,Howard,,,,,,,,-1.0,0.0
2021,Brown,,,,,,,,-1.0,0.0
2021,Kennesaw State,,,,,,,,1.0,0.0
2021,Professional,,,,,,,,2.0,0.0
2021,Central Washington,,,,,,,,1.0,0.0
2021,Western Illinois,,,,,,,,5.0,0.0
2021,Villanova,,,,,,,,0.0,-0.85
2021,West Alabama,,,,,,,,2.0,0.0
2021,Bethune-Cookman,,,,,,,,1.0,0.0
2021,Eastern Kentucky,,,,,,,,8.0,0.0
2021,Lafayette,,,,,,,,1.0,0.0
2021,Alcorn State,,,,,,,,1.0,-0.83
2021,Rhode Island,,,,,,,,3.0,0.0
2021,North Alabama,,,,,,,,3.0,0.0
2021,Southern Illinois,,,,,,,,2.0,0.0
2021,Azusa Pacific,,,,,,,,-1.0,0.0
2021,Southern Utah,,,,,,,,1.0,0.0
2021,Valdosta State,,,,,,,,1.0,0.0
2021,Central Connecticut,,,,,,,,1.0,0.0
2021,West Texas,,,,,,,,1.0,0.0
2021,Houston Christian,,,,,,,,-5.0,-0.84
2021,Missouri Western State,,,,,,,,-1.0,0.0
2021,Pittsburg State,,,,,,,,1.0,0.0
2021,Cal Poly,,,,,,,,-2.0,0.0
2021,Towson,,,,,,,,6.0,0.0
2021,American International,,,,,,,,-1.0,0.0
2021,Chadron State,,,,,,,,-1.0,0.0
2021,Arkansas-Pine Bluff,,,,,,,,0.0,0.0
2021,Presbyterian,,,,,,,,-4.0,0.0
2021,North Dakota State,,,,,,,,2.0,0.0
2021,Northern Iowa,,,,,,,,4.0,-1.65
2021,Northern Colorado,,,,,,,,6.0,0.0
2021,Arkansas Tech,,,,,,,,1.0,0.0
2021,City College of San Francisco,,,,,,,,1.0,0.0
2021,Dartmouth,,,,,,,,-1.0,0.0
2021,Tennessee State,,,,,,,,6.0,0.0
2021,Prairie View A&M,,,,,,,,1.0,0.0
2021,East Tennessee State,,,,,,,,2.0,0.0
2021,Incarnate Word,,,,,,,,-1.0,0.0
2021,Merrimack,,,,,,,,0.0,0.0
2021,Morgan State,,,,,,,,-1.0,0.0
2021,Kentucky State,,,,,,,,1.0,0.0
2021,Snow College,,,,,,,,1.0,0.8
2021,Pennsylvania,,,,,,,,-2.0,0.0
2021,Southern,,,,,,,,1.0,0.0
2021,Notre Dame College,,,,,,,,1.0,0.0
2021,Sacred Heart,,,,,,,,0.0,0.0
2021,Tiffin University,,,,,,,,1.0,0.0
2021,Blinn College,,,,,,,,4.0,0.0
2021,University of Mary,,,,,,,,1.0,0.0
2021,Grand Valley State,,,,,,,,-1.0,0.0
2021,James Madison,,,,,,,,0.0,0.0
2021,Alabama A&M,,,,,,,,1.0,-0.83
2021,Fordham,,,,,,,,-1.0,0.0
2021,The Citadel,,,,,,,,-1.0,0.0
2021,Saint Francis,,,,,,,,-2.0,-1.65
2021,Mississippi Gulf Coast C.C.,,,,,,,,1.0,0.0
2021,North Carolina Central,,,,,,,,-1.0,0.0
2021,Duquesne,,,,,,,,3.0,0.0
2021,Montana State,,,,,,,,2.0,0.0
2021,Fairmont State,,,,,,,,-1.0,-0.82
2021,Abilene Christian,,,,,,,,2.0,-0.84
2021,Wofford,,,,,,,,1.0,0.0
2021,Northwestern State,,,,,,,,1.0,0.0
2021,UAlbany,,,,,,,,2.0,0.0
2021,Maine,,,,,,,,-1.0,0.0
2021,Texas-Permian Basin,,,,,,,,1.0,0.0
2021,Jacksonville State,,,,,,,,5.0,-0.83
2021,Lindenwood University,,,,,,,,1.0,0.0
2021,Wagner,,,,,,,,0.0,0.0
2021,Youngstown State,,,,,,,,1.0,0.0
2021,Eastern Illinois,,,,,,,,-1.0,0.0
2021,McNeese,,,,,,,,0.0,-0.83
2021,Bucknell,,,,,,,,-1.0,0.0
2021,Illinois State,,,,,,,,1.0,-1.67
2021,Stony Brook,,,,,,,,3.0,0.0
2021,College of the Canyons,,,,,,,,1.0,0.0
2021,Colgate,,,,,,,,-1.0,0.0
2021,Southwest Minnesota State,,,,,,,,1.0,0.0
2021,Florida A&M,,,,,,,,4.0,0.0
2021,Sam Houston,,,,,,,,1.0,0.0
2021,Jackson State,,,,,,,,17.0,-0.88
2021,Bowie State,,,,,,,,1.0,0.0
2021,Central Missouri,,,,,,,,1.0,0.0
2021,Southeast Missouri State,,,,,,,,-2.0,-0.84
2021,Idaho,,,,,,,,6.0,0.0
2021,Stephen F. Austin,,,,,,,,1.0,0.0
2021,Iowa Central C.C.,,,,,,,,1.0,0.0
2021,Fort Valley State,,,,,,,,1.0,0.0
2021,Utah Tech,,,,,,,,2.0,0.0
2021,Chattanooga,,,,,,,,4.0,0.0
2021,Sacramento State,,,,,,,,1.0,0.0
2021,Samford,,,,,,,,1.0,0.0
2021,SE Louisiana,,,,,,,,3.0,0.0
2021,San Diego,,,,,,,,0.0,0.0
2021,Colorado Mesa,,,,,,,,3.0,0.0
2021,Weber State,,,,,,,,1.0,0.0
2021,Furman,,,,,,,,-1.0,0.0
2021,Robert Morris,,,,,,,,-1.0,0.0
2021,Lehigh,,,,,,,,-1.0,0.0
2021,Harvard,,,,,,,,-2.0,-0.85
2021,South Dakota State,,,,,,,,-1.0,0.0
2021,Austin Peay,,,,,,,,-2.0,0.0
2021,Bryant,,,,,,,,1.0,0.0
2021,Nicholls,,,,,,,,4.0,0.0
2021,Delaware,,,,,,,,0.0,-0.8
2021,West Florida,,,,,,,,2.0,0.0
2021,Central Oklahoma,,,,,,,,2.0,0.0
2021,Mercer,,,,,,,,1.0,0.0
2021,Western Carolina,,,,,,,,1.0,0.0
2021,Delta State,,,,,,,,1.0,0.0
2021,Alabama State,,,,,,,,-1.0,0.0
2021,Angelo State,,,,,,,,1.0,0.0
2021,Holy Cross,,,,,,,,-3.0,-0.8
2022,Air Force,261.7,60.2,0.861,0.922,3.9,16.3,12.3,-9.0,-1.52
2022,Akron,47.0,4.7,0.467,0.291,-23.4,16.7,38.5,5.0,2.3400000000000007
2022,Alabama,393.8,239.9,0.586,0.962,30.3,42.9,14.2,-19.0,-7.55
2022,App State,290.8,162.4,0.673,0.943,1.7,32.9,29.8,-1.0,0.8
2022,Arizona,154.2,54.9,0.825,1.0,-3.2,37.6,41.1,-19.0,0.33999999999999986
2022,Arizona State,54.3,7.5,0.134,0.03,-4.1,30.5,35.7,-8.0,-0.9100000000000001
2022,Arkansas,275.7,116.7,0.744,0.981,12.0,38.3,26.3,-13.0,0.34000000000000075
2022,Arkansas State,109.1,21.3,0.252,0.175,-13.0,23.7,38.5,-14.0,-4.820000000000001
2022,Army,174.8,-1.6,0.525,0.179,-1.5,24.6,25.3,-6.0,-1.57
2022,Auburn,173.4,4.4,0.558,0.288,5.1,32.6,27.9,-13.0,-10.450000000000001
2022,Ball State,100.3,5.8,0.459,0.071,-14.9,16.0,30.1,-5.0,1.67
2022,Baylor,88.1,28.1,0.171,0.263,11.7,37.6,26.1,-5.0,-0.8299999999999998
2022,Boise State,283.7,147.8,0.635,0.981,5.7,24.1,18.5,-3.0,0.9300000000000002
2022,Boston College,202.2,49.1,0.597,0.369,-14.9,20.4,33.8,-9.0,-1.57
2022,Bowling Green,109.0,29.3,0.993,0.984,-18.1,23.8,40.6,-7.0,-3.1399999999999997
2022,Buffalo,94.6,9.6,0.363,0.254,-9.2,25.0,35.0,-6.0,-3.1400000000000006
2022,BYU,300.9,113.4,0.587,0.826,-1.4,34.3,34.8,-6.0,1.9499999999999997
2022,California,63.0,0.0,0.226,0.0,-3.0,23.2,25.9,-5.0,-0.8400000000000003
2022,Central Michigan,269.5,109.1,0.7,0.682,-14.0,19.0,32.2,-15.0,-5.14
2022,Charlotte,382.8,146.2,0.916,1.0,-16.4,24.0,39.2,-6.0,0.8099999999999999
2022,Cincinnati,148.1,-0.4,0.241,0.033,13.1,27.6,16.1,-3.0,1.9200000000000004
2022,Clemson,206.2,44.0,0.621,0.492,17.6,34.9,18.5,-9.0,-7.6499999999999995
2022,Coastal Carolina,354.2,195.8,0.623,0.991,0.6,32.7,30.6,-12.0,-1.7000000000000002
2022,Colorado,131.2,22.7,0.717,0.986,-20.4,24.0,45.0,-18.0,-9.190000000000001
2022,Colorado State,104.0,-0.8,0.422,0.002,-22.2,7.8,29.0,-11.0,0.9199999999999999
2022,Duke,108.0,6.4,0.329,0.218,5.0,29.4,24.7,-5.0,-2.6000000000000005
2022,East Carolina,313.9,120.8,0.873,0.986,1.1,31.5,28.7,-14.0,3.349999999999999
2022,Eastern Michigan,184.9,10.6,0.451,0.013,-7.1,24.0,32.4,-10.0,-0.029999999999999805
2022,Florida,155.2,19.4,0.302,0.164,10.4,39.6,29.5,-9.0,-5.11
2022,Florida Atlantic,149.4,55.9,0.746,0.88,-7.1,24.4,30.4,0.0,2.59
2022,Florida International,103.5,11.6,0.372,0.1,-25.5,18.4,42.3,-6.0,-3.3000000000000007
2022,Florida State,265.1,68.9,0.598,0.595,13.2,34.8,20.4,-15.0,1.3000000000000007
2022,Fresno State,474.1,203.8,0.791,0.998,3.3,27.1,24.4,-4.0,1.96
2022,Georgia,389.9,137.8,0.63,0.773,35.3,37.2,3.7,-13.0,-8.95
2022,Georgia Southern,90.3,2.3,0.403,0.15,-6.4,34.3,40.3,-7.0,0.08999999999999986
2022,Georgia State,326.4,78.8,0.79,0.758,-3.3,33.7,38.3,-11.0,-4.86
2022,Georgia Tech,168.5,53.5,0.407,0.517,-11.8,18.8,29.5,1.0,0.06999999999999851
2022,Hawai'i,85.9,11.5,0.282,0.231,-24.7,15.8,39.4,-9.0,-6.890000000000001
2022,Houston,417.2,183.2,0.834,0.998,4.5,42.5,37.7,-12.0,-1.3100000000000005
2022,Illinois,126.5,-3.1,0.694,0.504,15.9,20.6,5.5,-15.0,-3.33
2022,Indiana,30.4,4.6,0.377,0.585,-7.1,29.9,36.6,-21.0,-4.640000000000001
2022,Iowa,182.9,34.8,0.648,0.998,12.7,16.0,5.1,-6.0,-2.41
2022,Iowa State,142.6,4.6,0.222,0.063,5.3,17.7,10.6,-17.0,-4.26
2022,Kansas,212.9,79.4,0.722,0.944,2.9,40.6,36.0,-8.0,7.000000000000001
2022,Kansas State,187.7,14.5,0.585,0.257,21.4,36.4,15.7,-10.0,-3.1399999999999997
2022,Kent State,244.1,4.4,0.49,0.06,-13.1,25.6,37.9,-3.0,1.63
2022,Kentucky,271.5,111.4,0.642,0.734,13.0,23.2,9.9,-10.0,-1.38
2022,Liberty,136.9,10.9,0.255,0.081,-1.5,24.1,25.4,3.0,5.03
2022,Louisiana,149.9,21.1,0.28,0.04,2.0,21.7,20.3,-12.0,-9.47
2022,Louisiana Tech,98.3,0.9,0.269,0.003,-17.8,29.6,47.0,-2.0,-0.06999999999999984
2022,Louisville,391.1,142.5,0.653,0.628,9.0,27.0,19.1,-5.0,-1.3499999999999996
2022,LSU,214.0,18.7,0.287,0.139,16.2,34.2,17.6,-3.0,2.4800000000000004
2022,Marshall,165.5,1.2,0.408,0.01,3.0,15.7,11.4,-1.0,1.7299999999999995
2022,Maryland,337.5,155.5,0.676,0.964,11.2,33.8,24.2,-21.0,-7.510000000000001
2022,Massachusetts,103.9,0.1,0.848,0.853,-30.3,7.5,36.4,4.0,8.13
2022,Memphis,338.0,164.3,0.797,0.88,6.8,37.0,31.8,-10.0,-2.25
2022,Miami,317.1,161.0,0.589,0.719,-2.7,24.4,28.9,-7.0,-0.5099999999999998
2022,Miami (OH),296.6,119.6,0.737,0.698,-12.7,8.6,22.1,-9.0,-4.07
2022,Michigan,338.4,115.5,0.741,0.995,32.0,38.0,7.6,-9.0,-2.41
2022,Michigan State,334.4,156.1,0.644,0.975,1.2,31.9,29.7,-13.0,-3.8099999999999987
2022,Middle Tennessee,198.5,81.8,0.604,0.819,-6.9,25.6,33.3,-8.0,-0.06999999999999984
2022,Minnesota,305.0,100.7,0.674,1.0,16.0,23.5,8.6,-15.0,-5.709999999999999
2022,Mississippi State,229.3,15.5,0.401,0.031,15.4,35.1,19.9,-14.0,-4.989999999999999
2022,Missouri,145.7,16.5,0.299,0.171,8.1,26.0,18.3,-4.0,0.9400000000000013
2022,Navy,34.6,-3.5,0.472,0.976,-7.2,18.2,24.4,-4.0,-2.42
2022,NC State,288.5,144.9,0.62,0.996,6.8,20.4,15.3,-6.0,-0.8500000000000001
2022,Nebraska,324.5,142.6,0.556,0.49,-1.2,25.5,25.6,-5.0,3.460000000000001
2022,Nevada,40.3,0.1,0.287,0.085,-22.4,15.9,37.8,-3.0,-6.74
2022,New Mexico,21.2,-13.1,0.344,0.324,-26.9,6.0,31.9,-5.0,-2.57
2022,New Mexico State,62.5,15.4,0.287,0.153,-15.4,12.0,26.0,-7.0,0.1299999999999999
2022,North Carolina,225.1,29.8,0.356,0.09,7.8,41.7,35.0,-11.0,-4.96
2022,Northern Illinois,394.5,144.0,0.763,0.906,-18.8,25.3,43.1,-2.0,-0.9000000000000001
2022,North Texas,267.9,70.8,0.749,0.997,-1.5,31.3,34.1,-12.0,0.6699999999999999
2022,Northwestern,139.8,21.4,0.694,0.497,-13.4,17.0,28.6,-3.0,-3.3600000000000003
2022,Notre Dame,211.7,40.8,0.402,0.155,10.3,30.5,21.4,-10.0,-5.85
2022,Ohio,106.2,42.4,0.551,0.827,-4.6,31.6,35.2,-9.0,-1.58
2022,Ohio State,582.1,257.5,0.743,0.953,31.1,45.1,15.7,-17.0,-10.42
2022,Oklahoma,143.4,15.2,0.211,0.016,15.4,40.8,26.5,-2.0,1.5399999999999991
2022,Oklahoma State,336.0,132.3,0.66,0.883,11.3,37.6,27.9,-11.0,-6.26
2022,Old Dominion,299.0,94.7,0.914,0.997,-13.0,16.9,29.3,-7.0,-3.1500000000000004
2022,Ole Miss,14.7,-18.3,0.107,0.11,16.2,38.8,23.7,-6.0,0.08999999999999986
2022,Oregon,75.2,9.0,0.183,0.046,18.9,44.9,26.5,-7.0,-3.6599999999999993
2022,Oregon State,323.0,131.3,0.641,0.909,14.3,33.3,17.7,-8.0,-1.62
2022,Penn State,250.4,102.5,0.692,0.933,22.4,36.6,13.9,-12.0,-3.3
2022,Pittsburgh,187.7,22.4,0.387,0.041,8.6,32.8,24.7,-10.0,-2.46
2022,Purdue,332.8,201.4,0.603,0.758,7.7,31.6,22.4,-6.0,-1.6399999999999997
2022,Rice,94.3,7.3,0.389,0.364,-15.2,23.1,36.9,-8.0,-3.9999999999999996
2022,Rutgers,127.3,14.7,0.709,0.933,-9.1,16.4,25.2,-14.0,-2.1899999999999995
2022,San Diego State,91.2,2.0,0.242,0.04,-4.4,15.1,21.1,-3.0,-1.56
2022,San José State,137.3,26.6,0.483,0.317,-4.3,19.1,21.6,-4.0,2.57
2022,SMU,412.7,224.9,0.743,0.985,4.7,42.0,38.1,1.0,7.85
2022,South Alabama,113.4,21.1,0.503,0.286,10.8,26.8,17.4,5.0,10.82
2022,South Carolina,181.3,43.2,0.548,0.438,12.7,36.0,25.2,-11.0,1.3500000000000005
2022,Southern Miss,133.1,43.5,0.877,0.946,-3.5,18.3,22.9,-4.0,4.48
2022,South Florida,157.9,-7.3,0.38,0.098,-17.0,34.1,50.3,-6.0,5.1000000000000005
2022,Stanford,194.8,91.5,0.678,0.883,-7.2,25.6,34.2,-8.0,-5.0600000000000005
2022,Syracuse,245.0,40.2,0.766,0.821,2.5,27.4,24.7,-9.0,-3.9699999999999998
2022,TCU,386.2,144.6,0.826,0.983,24.3,43.3,20.2,-3.0,1.7599999999999998
2022,Temple,146.3,41.9,0.543,0.586,-12.9,16.3,28.6,-6.0,3.33
2022,Tennessee,390.7,150.1,0.806,0.981,25.2,47.3,22.6,-14.0,-1.62
2022,Texas,266.2,37.6,0.601,0.258,23.1,38.1,15.6,-16.0,-5.489999999999999
2022,Texas A&M,164.4,25.4,0.338,0.112,9.1,25.4,16.6,-11.0,-5.96
2022,Texas State,150.5,4.9,0.422,0.005,-11.5,17.4,29.5,7.0,0.8500000000000001
2022,Texas Tech,267.3,100.8,0.664,0.605,8.5,38.5,30.5,6.0,6.91
2022,Toledo,227.0,88.2,0.533,0.682,-3.7,25.7,27.9,-10.0,-4.08
2022,Troy,256.6,68.3,0.642,0.555,8.1,17.7,11.2,-8.0,-0.84
2022,Tulane,273.6,71.6,0.864,0.99,12.4,32.0,19.7,-1.0,1.6799999999999997
2022,Tulsa,229.4,110.4,0.654,1.0,-6.1,32.7,38.5,1.0,-0.08000000000000007
2022,UAB,285.6,114.2,0.776,0.789,-0.5,25.7,25.3,-8.0,-1.72
2022,UCF,239.5,61.9,0.799,0.714,10.3,31.1,20.3,-10.0,-4.710000000000001
2022,UCLA,320.9,140.5,0.751,1.0,15.0,45.7,30.1,-8.0,0.2699999999999996
2022,UConn,92.7,6.0,0.446,0.247,-14.6,14.2,27.9,-11.0,-4.180000000000001
2022,UL Monroe,185.8,61.6,0.737,0.582,-15.7,23.2,39.0,-12.0,-7.33
2022,UNLV,97.9,52.3,0.495,0.774,-11.9,20.8,34.1,-10.0,-0.7000000000000002
2022,USC,118.9,3.2,0.15,0.002,18.9,46.6,26.3,-7.0,1.7700000000000014
2022,Utah,408.0,108.1,0.825,0.789,19.2,37.3,17.3,-11.0,-0.7799999999999994
2022,Utah State,355.3,216.4,0.698,0.908,-13.3,25.4,38.5,-10.0,1.0199999999999996
2022,UTEP,242.6,143.4,0.786,0.993,-10.7,20.8,32.7,-8.0,-0.96
2022,UTSA,460.9,192.2,0.69,0.923,7.2,39.3,32.6,0.0,2.5700000000000003
2022,Vanderbilt,127.0,42.0,0.83,0.979,-4.7,29.9,33.4,-14.0,-5.0600000000000005
2022,Virginia,488.0,208.8,0.814,1.0,-9.0,16.2,24.4,-13.0,-8.399999999999999
2022,Virginia Tech,79.9,6.2,0.323,0.115,-9.5,13.5,22.8,-12.0,-0.7800000000000002
2022,Wake Forest,513.8,231.0,0.776,0.995,8.2,43.3,35.2,-6.0,-0.8499999999999999
2022,Washington,239.8,102.0,0.735,0.989,15.7,41.2,25.5,-11.0,-1.5199999999999996
2022,Washington State,18.4,-1.0,0.088,0.002,9.5,25.1,16.7,-21.0,-4.819999999999999
2022,Western Kentucky,239.0,0.0,0.287,0.0,1.7,31.3,30.1,-5.0,-0.13000000000000078
2022,Western Michigan,178.3,12.6,0.396,0.026,-17.3,11.2,27.3,-3.0,-1.62
2022,West Virginia,65.9,-3.9,0.219,0.061,2.4,36.3,34.5,-14.0,-9.38
2022,Wisconsin,195.9,71.3,0.799,0.99,8.3,25.7,17.1,-6.0,-1.4900000000000002
2022,Wyoming,79.3,0.0,0.228,0.0,-10.8,14.9,26.2,-10.0,-5.370000000000001
2022,James Madison,,,,,6.5,31.3,23.6,2.0,-0.1499999999999999
2022,nationalAverages,,,,,0.8145038167938932,27.76946564885496,26.959541984732823,,
2022,Charleston Southern,,,,,,,,-1.0,-0.84
2022,North Carolina A&T,,,,,,,,2.0,0.79
2022,Eastern New Mexico,,,,,,,,0.0,0.0
2022,Murray State,,,,,,,,-1.0,-1.73
2022,Minnesota State,,,,,,,,-1.0,0.0
2022,Independence C.C.,,,,,,,,1.0,0.84
2022,South Dakota,,,,,,,,2.0,0.87
2022,Southwest Mississippi C.C.,,,,,,,,1.0,0.81
2022,Lamar,,,,,,,,1.0,-0.030000000000000027
2022,Idaho State,,,,,,,,0.0,0.0
2022,UT Martin,,,,,,,,2.0,-0.95
2022,Gardner-Webb,,,,,,,,1.0,0.0
2022,Richmond,,,,,,,,-1.0,-0.88
2022,St. Thomas University,,,,,,,,1.0,0.8
2022,Norfolk State,,,,,,,,2.0,-0.020000000000000018
2022,Winston-Salem State,,,,,,,,1.0,0.0
2022,Indiana State,,,,,,,,2.0,0.0
2022,Hutchinson C.C.,,,,,,,,1.0,0.0
2022,Montana,,,,,,,,1.0,0.020000000000000018
2022,Northern Arizona,,,,,,,,2.0,0.83
2022,Missouri State,,,,,,,,2.0,2.4
2022,Kennesaw State,,,,,,,,0.0,0.0
2022,Professional,,,,,,,,2.0,1.76
2022,Western Illinois,,,,,,,,1.0,-0.88
2022,Villanova,,,,,,,,1.0,0.82
2022,East Central,,,,,,,,-1.0,0.0
2022,Northern State,,,,,,,,-1.0,-0.85
2022,Columbia,,,,,,,,-2.0,-1.71
2022,Bethune-Cookman,,,,,,,,1.0,0.0
2022,Eastern Kentucky,,,,,,,,3.0,1.66
2022,Lafayette,,,,,,,,-1.0,-0.87
2022,Alcorn State,,,,,,,,4.0,1.61
2022,Rhode Island,,,,,,,,0.0,-0.83
2022,Southern Illinois,,,,,,,,6.0,3.22
2022,Tarleton State,,,,,,,,2.0,0.84
2022,Georgetown,,,,,,,,-1.0,-0.89
2022,Fort Hays,,,,,,,,1.0,0.0
2022,Portland State,,,,,,,,4.0,0.87
2022,Tyler J.C. ,,,,,,,,1.0,0.0
2022,UC Davis,,,,,,,,-2.0,-0.87
2022,Southern Utah,,,,,,,,-2.0,-0.010000000000000009
2022,Elizabeth City State,,,,,,,,2.0,0.79
2022,Valdosta State,,,,,,,,1.0,0.0
2022,West Texas,,,,,,,,-1.0,0.0
2022,Southern Arkansas,,,,,,,,1.0,0.79
2022,Houston Christian,,,,,,,,-2.0,0.0
2022,Missouri Western State,,,,,,,,-1.0,0.0
2022,Concordia University,,,,,,,,1.0,0.0
2022,Pittsburg State,,,,,,,,1.0,0.0
2022,Drake,,,,,,,,0.0,0.0
2022,Hinds C.C.,,,,,,,,1.0,0.0
2022,Cal Poly,,,,,,,,-2.0,-0.86
2022,Iowa Western C.C.,,,,,,,,3.0,0.0
2022,Towson,,,,,,,,3.0,0.84
2022,Savannah State,,,,,,,,-1.0,0.0
2022,Navarro College,,,,,,,,3.0,1.62
2022,Ashland,,,,,,,,1.0,0.0
2022,Northern Iowa,,,,,,,,4.0,0.7399999999999999
2022,Northern Colorado,,,,,,,,0.0,-0.04999999999999993
2022,North Dakota State,,,,,,,,-4.0,-1.73
2022,Colorado School of Mines,,,,,,,,1.0,0.0
2022,Marist,,,,,,,,-1.0,-0.82
2022,Dartmouth,,,,,,,,-6.0,-3.38
2022,Tennessee State,,,,,,,,0.0,0.0
2022,Incarnate Word,,,,,,,,1.0,-0.14
2022,East Tennessee State,,,,,,,,-2.0,-1.82
2022,Prairie View A&M,,,,,,,,-1.0,0.0
2022,Merrimack,,,,,,,,1.0,0.8
2022,Misericordia,,,,,,,,1.0,0.0
2022,VMI,,,,,,,,-2.0,-0.81
2022,Southern,,,,,,,,2.0,0.84
2022,Notre Dame College,,,,,,,,-1.0,0.0
2022,Shepherd,,,,,,,,0.0,0.0
2022,Sacred Heart,,,,,,,,-1.0,-0.9
2022,Northwest Missouri State,,,,,,,,1.0,0.0
2022,Tiffin University,,,,,,,,1.0,0.8
2022,Blinn College,,,,,,,,1.0,0.0
2022,Grand Valley State,,,,,,,,1.0,0.8
2022,Alabama A&M,,,,,,,,10.0,2.42
2022,Fordham,,,,,,,,0.0,0.0
2022,The Citadel,,,,,,,,0.0,0.81
2022,Elon,,,,,,,,3.0,0.76
2022,North Carolina Central,,,,,,,,0.0,0.07000000000000006
2022,Duquesne,,,,,,,,0.0,0.79
2022,Holmes C.C.,,,,,,,,1.0,0.0
2022,Montana State,,,,,,,,-1.0,0.0
2022,Abilene Christian,,,,,,,,5.0,-2.49
2022,Cisco College,,,,,,,,1.0,0.82
2022,Northwestern State,,,,,,,,3.0,2.45
2022,UAlbany,,,,,,,,2.0,-0.06000000000000005
2022,Livingstone College,,,,,,,,-1.0,0.0
2022,Maine,,,,,,,,1.0,0.0
2022,Tennessee Tech,,,,,,,,1.0,0.85
2022,Southwestern Oklahoma State,,,,,,,,1.0,0.0
2022,Jacksonville State,,,,,,,,2.0,0.85
2022,Lindenwood University,,,,,,,,1.0,0.0
2022,Wagner,,,,,,,,1.0,0.79
2022,Youngstown State,,,,,,,,1.0,0.0
2022,Eastern Illinois,,,,,,,,1.0,1.65
2022,McNeese,,,,,,,,3.0,1.62
2022,Western New Mexico,,,,,,,,1.0,0.8
2022,Bucknell,,,,,,,,1.0,0.0
2022,Illinois State,,,,,,,,0.0,-0.10000000000000009
2022,Stony Brook,,,,,,,,1.0,0.79
2022,College of the Canyons,,,,,,,,1.0,0.0
2022,Colgate,,,,,,,,0.0,-0.83
2022,Central Arkansas,,,,,,,,4.0,0.6500000000000001
2022,Simon Fraser,,,,,,,,-1.0,0.0
2022,Tuskegee,,,,,,,,1.0,0.0
2022,Southwest Minnesota State,,,,,,,,1.0,0.0
2022,Florida A&M,,,,,,,,6.0,3.22
2022,Limestone College,,,,,,,,3.0,0.0
2022,Kentucky Christian,,,,,,,,-1.0,-0.86
2022,Sam Houston,,,,,,,,10.0,3.1300000000000003
2022,Jackson State,,,,,,,,15.0,9.08
2022,Cornell,,,,,,,,-2.0,-0.89
2022,Central Missouri,,,,,,,,-1.0,0.0
2022,Idaho,,,,,,,,0.0,-0.030000000000000027
2022,Stephen F. Austin,,,,,,,,-2.0,0.7300000000000001
2022,Butler,,,,,,,,1.0,0.0
2022,Iowa Central C.C.,,,,,,,,2.0,0.0
2022,Utah Tech,,,,,,,,2.0,0.84
2022,Chattanooga,,,,,,,,4.0,0.0
2022,Sacramento State,,,,,,,,2.0,0.82
2022,Grambling,,,,,,,,4.0,2.45
2022,Samford,,,,,,,,0.0,-0.06999999999999995
2022,SE Louisiana,,,,,,,,1.0,0.0
2022,San Diego,,,,,,,,2.0,0.79
2022,Weber State,,,,,,,,-3.0,-0.87
2022,Furman,,,,,,,,-3.0,-0.76
2022,Robert Morris,,,,,,,,-1.0,0.0
2022,Hampton,,,,,,,,1.0,0.0
2022,Southern Connecticut State,,,,,,,,-1.0,0.0
2022,Trinity Valley C.C.,,,,,,,,3.0,0.79
2022,Lehigh,,,,,,,,0.0,0.0
2022,Harvard,,,,,,,,-5.0,-2.62
2022,South Dakota State,,,,,,,,-1.0,0.85
2022,Austin Peay,,,,,,,,-1.0,-0.86
2022,Stetson,,,,,,,,1.0,0.0
2022,Nicholls,,,,,,,,-2.0,0.0
2022,Delaware,,,,,,,,-2.0,-0.87
2022,West Florida,,,,,,,,0.0,-0.87
2022,Central Oklahoma,,,,,,,,1.0,0.0
2022,Mercer,,,,,,,,2.0,0.78
2022,Campbell,,,,,,,,1.0,-0.84
2022,Western Carolina,,,,,,,,0.0,0.0
2022,Alabama State,,,,,,,,7.0,3.29
2022,Delta State,,,,,,,,1.0,0.0
2022,Monmouth,,,,,,,,0.0,0.0
2022,Butler County (KS),,,,,,,,1.0,0.79
2022,Holy Cross,,,,,,,,-1.0,-0.83
2023,Air Force,121.7,12.9,0.267,0.032,5.9,25.6,20.9,-8.0,0.0
2023,Akron,261.0,118.0,0.761,0.996,-21.6,10.5,30.1,-8.0,-0.82
2023,Alabama,233.1,23.9,0.409,0.147,23.1,36.8,15.6,-16.0,-10.69
2023,App State,208.3,11.6,0.392,0.028,3.8,33.5,30.7,-1.0,-1.7000000000000002
2023,Arizona,472.7,174.5,0.924,0.996,14.1,37.3,23.1,-18.0,-1.660000000000001
2023,Arizona State,252.0,96.2,0.411,0.482,-11.3,20.2,29.9,0.0,7.290000000000001
2023,Arkansas,273.0,132.3,0.777,0.914,3.5,28.3,26.6,-14.0,7.039999999999999
2023,Arkansas State,52.0,4.0,0.221,0.028,-6.3,25.8,32.8,-5.0,-0.89
2023,Army,122.5,-0.6,0.485,0.028,-4.0,18.4,22.5,-1.0,-0.89
2023,Auburn,231.3,32.8,0.657,0.833,7.6,26.4,20.1,0.0,10.830000000000002
2023,Ball State,65.9,0.0,0.145,0.0,-14.9,12.6,26.3,0.0,-0.9600000000000001
2023,Baylor,255.6,89.3,0.691,0.937,-8.3,24.5,32.6,1.0,4.3100000000000005
2023,Boise State,395.3,117.7,0.857,0.751,5.9,32.7,28.2,-8.0,-1.74
2023,Boston College,121.9,54.1,0.593,0.458,-5.9,22.2,27.6,-2.0,4.390000000000001
2023,Bowling Green,100.6,10.1,0.465,0.137,-7.8,21.5,27.4,-13.0,-3.54
2023,Buffalo,196.2,104.8,0.791,0.99,-15.2,15.3,29.5,-4.0,5.85
2023,BYU,139.1,12.9,0.225,0.017,-3.3,25.3,30.3,-1.0,8.61
2023,California,178.4,0.0,0.34,0.0,-0.1,30.6,28.7,-6.0,7.07
2023,Central Michigan,104.3,-4.6,0.323,0.163,-19.1,16.8,34.0,-9.0,-0.83
2023,Charlotte,59.0,4.1,0.222,0.041,-21.4,14.8,34.4,-4.0,-2.5600000000000005
2023,Cincinnati,27.6,-3.0,0.261,0.178,-6.8,21.3,28.3,-4.0,4.109999999999999
2023,Clemson,238.4,31.4,0.505,0.219,10.5,29.3,19.0,-10.0,-7.04
2023,Coastal Carolina,416.2,152.7,0.893,0.971,-1.2,27.6,27.2,-6.0,-1.7100000000000004
2023,Colorado,16.6,0.0,0.13,0.0,-4.9,29.6,34.4,-11.0,14.32
2023,Colorado State,159.2,28.8,0.825,1.0,-8.9,21.9,32.0,-10.0,-5.12
2023,Duke,428.1,113.9,0.991,1.0,9.4,27.3,19.5,-10.0,2.7499999999999996
2023,East Carolina,46.9,2.9,0.209,0.03,-12.8,15.4,28.1,-8.0,6.67
2023,Eastern Michigan,225.2,37.9,0.536,0.3,-12.3,13.0,26.8,-5.0,-1.76
2023,Florida,155.7,10.0,0.438,0.074,6.8,31.1,26.0,-13.0,-5.029999999999999
2023,Florida Atlantic,162.8,21.5,0.442,0.024,-9.4,19.8,27.9,-6.0,-0.8399999999999999
2023,Florida International,186.9,87.5,0.78,0.948,-21.2,16.0,35.6,-11.0,-4.32
2023,Florida State,411.4,153.5,0.792,0.99,19.4,34.1,16.5,-12.0,-3.1099999999999994
2023,Fresno State,81.0,27.3,0.261,0.259,2.5,28.9,27.9,-16.0,-3.5299999999999994
2023,Georgia,300.2,44.4,0.446,0.084,31.2,41.5,12.2,-11.0,-10.68
2023,Georgia Southern,250.3,1.4,0.375,0.007,-5.2,30.8,36.5,0.0,-4.3
2023,Georgia State,273.8,105.5,0.669,1.0,-6.8,28.2,33.3,-1.0,1.2199999999999998
2023,Georgia Tech,69.9,15.4,0.382,0.439,0.3,29.4,29.1,-4.0,4.319999999999999
2023,Hawai'i,172.4,48.1,0.67,0.995,-16.4,19.4,35.7,-1.0,0.0
2023,Houston,154.2,1.2,0.269,0.008,-7.8,25.6,32.2,-1.0,9.42
2023,Illinois,93.7,-0.7,0.268,0.005,-2.5,21.6,24.1,-4.0,3.52
2023,Indiana,75.2,-15.1,0.345,0.107,-7.4,19.6,27.2,-1.0,9.610000000000001
2023,Iowa,64.2,-1.7,0.426,0.065,5.8,13.8,9.3,-6.0,1.7400000000000002
2023,Iowa State,224.7,106.0,0.687,0.987,7.5,26.4,20.1,-10.0,0.010000000000000009
2023,James Madison,47.7,-3.7,0.321,0.134,11.8,34.6,23.7,1.0,-0.010000000000000009
2023,Kansas,565.6,209.4,0.937,0.984,9.9,35.6,26.1,-2.0,7.82
2023,Kansas State,216.0,89.9,0.369,0.517,16.2,38.9,21.8,-9.0,1.9100000000000001
2023,Kent State,24.9,12.5,0.117,0.159,-26.3,8.2,34.8,-10.0,-7.18
2023,Kentucky,150.0,-15.3,0.417,0.201,10.5,31.6,22.2,-9.0,3.5999999999999996
2023,Liberty,189.7,104.5,0.544,0.967,8.0,36.2,26.3,-1.0,-5.18
2023,Louisiana,231.7,81.7,0.744,0.987,0.4,32.4,33.1,-6.0,-1.77
2023,Louisiana Tech,158.9,11.2,0.445,0.07,-12.9,22.1,36.0,-4.0,0.8599999999999999
2023,Louisville,84.2,13.0,0.395,0.379,8.0,30.1,22.3,1.0,10.739999999999998
2023,LSU,519.9,163.4,0.888,0.987,19.1,44.6,25.0,-7.0,4.739999999999999
2023,Marshall,113.2,7.6,0.481,0.598,-9.0,24.4,31.5,-3.0,-1.6600000000000001
2023,Maryland,371.7,137.1,0.88,0.977,11.0,28.3,17.6,-12.0,2.6999999999999993
2023,Massachusetts,56.8,-4.9,0.678,0.858,-17.5,20.8,36.2,2.0,7.220000000000001
2023,Memphis,242.3,125.3,0.71,0.971,3.5,37.1,33.8,-7.0,-3.5300000000000002
2023,Miami,247.0,67.4,0.658,0.72,9.6,30.7,23.1,-9.0,-2.369999999999999
2023,Miami (OH),151.3,46.5,0.784,0.99,2.8,18.5,17.7,-7.0,-3.5100000000000002
2023,Michigan,409.3,131.4,0.825,0.898,31.3,36.6,7.2,-4.0,1.0200000000000005
2023,Michigan State,70.3,15.8,0.254,0.052,-6.8,15.7,24.0,-3.0,5.03
2023,Middle Tennessee,130.6,3.4,0.315,0.099,-9.5,21.5,30.0,1.0,-1.77
2023,Minnesota,170.6,36.2,0.344,0.426,0.4,20.0,21.1,-8.0,0.8500000000000005
2023,Mississippi State,271.7,133.7,0.715,0.966,0.5,24.7,24.9,-14.0,3.3900000000000006
2023,Missouri,240.3,112.9,0.83,0.983,19.3,36.5,18.0,-12.0,1.79
2023,Navy,100.8,20.6,0.751,0.884,-13.7,15.0,27.2,-3.0,-0.77
2023,NC State,123.6,31.4,0.449,0.189,7.4,25.5,19.7,-6.0,-0.1200000000000001
2023,Nebraska,49.8,-7.1,0.403,0.142,0.3,15.6,13.9,-15.0,3.46
2023,Nevada,38.1,-1.0,0.333,0.425,-22.0,14.6,37.0,0.0,-0.030000000000000027
2023,New Mexico,18.9,-18.8,0.395,0.246,-16.5,22.5,37.2,-3.0,-0.87
2023,New Mexico State,300.2,93.9,0.946,0.993,-1.8,23.3,25.8,0.0,-0.81
2023,North Carolina,478.5,212.7,0.873,0.984,7.4,34.4,27.8,-8.0,1.0099999999999998
2023,Northern Illinois,213.3,111.5,0.555,0.997,-7.5,18.3,24.2,-7.0,-3.43
2023,North Texas,226.1,-0.3,0.535,0.021,-6.7,32.9,41.3,-5.0,-6.15
2023,Northwestern,160.2,68.5,0.599,0.974,-1.3,18.5,18.5,-5.0,0.0
2023,Notre Dame,127.7,10.7,0.324,0.011,20.1,36.3,16.7,-4.0,-1.79
2023,Ohio,491.8,189.0,0.935,1.0,-1.6,18.5,18.1,-2.0,-1.65
2023,Ohio State,397.3,44.8,0.636,0.074,25.2,31.5,7.8,-1.0,0.13999999999999968
2023,Oklahoma,201.7,88.8,0.675,0.974,15.0,38.5,22.6,-9.0,6.34
2023,Oklahoma State,103.5,24.9,0.335,0.293,6.7,32.8,27.1,-6.0,1.5899999999999999
2023,Old Dominion,63.2,5.8,0.223,0.002,-10.1,23.1,31.3,-14.0,-6.07
2023,Ole Miss,305.2,106.1,0.728,0.93,18.4,36.3,19.2,-13.0,4.510000000000002
2023,Oregon,442.0,147.6,0.844,0.986,26.2,45.0,18.2,-19.0,-0.7800000000000011
2023,Oregon State,244.5,60.3,0.624,0.615,12.6,33.2,22.3,-2.0,0.96
2023,Penn State,186.0,16.2,0.489,0.152,23.5,32.7,10.5,-8.0,-1.7400000000000002
2023,Pittsburgh,130.3,25.3,0.292,0.048,-7.3,19.3,26.0,-6.0,2.76
2023,Purdue,154.6,4.4,0.363,0.003,-7.3,21.8,27.1,-11.0,3.4300000000000006
2023,Rice,162.5,22.1,0.464,0.312,-10.2,26.0,34.4,1.0,-1.69
2023,Rutgers,81.3,26.3,0.765,0.853,3.5,21.0,18.7,-5.0,3.5700000000000003
2023,San Diego State,235.7,102.9,0.611,0.755,-10.3,19.4,30.2,-8.0,-0.06000000000000005
2023,San José State,275.4,109.1,0.841,0.993,-3.4,28.1,29.5,-2.0,-1.74
2023,SMU,253.0,51.6,0.413,0.148,10.1,34.1,23.0,3.0,20.89
2023,South Alabama,405.1,163.5,0.856,0.998,5.1,30.6,26.0,5.0,2.55
2023,South Carolina,278.0,128.8,0.644,0.995,4.3,28.2,25.6,-7.0,1.6500000000000004
2023,Southern Miss,213.8,42.7,0.651,0.601,-14.4,23.5,36.4,2.0,0.0
2023,South Florida,163.1,52.1,0.446,0.643,-6.6,28.4,34.5,-7.0,-6.909999999999999
2023,Stanford,144.1,12.1,0.382,0.038,-11.9,21.4,34.5,-17.0,-10.54
2023,Syracuse,283.7,78.7,0.706,0.995,-4.4,22.2,26.1,-6.0,1.5899999999999999
2023,TCU,80.4,14.7,0.125,0.061,7.9,33.5,25.3,-4.0,6.2
2023,Temple,277.4,153.4,0.819,1.0,-21.0,18.6,37.8,-17.0,-1.6599999999999997
2023,Tennessee,271.4,58.2,0.508,0.203,16.2,34.9,19.2,-14.0,0.8700000000000001
2023,Texas,266.7,96.2,0.561,0.722,23.2,39.3,17.7,-15.0,-8.58
2023,Texas A&M,196.3,44.6,0.516,0.536,15.6,34.5,18.8,-19.0,-8.179999999999998
2023,Texas State,115.8,2.3,0.447,0.004,-1.6,31.2,33.8,13.0,-1.0100000000000007
2023,Texas Tech,337.1,38.4,0.65,0.592,6.1,29.6,24.7,-11.0,1.79
2023,Toledo,351.3,136.0,0.91,1.0,3.7,25.5,21.7,-6.0,-0.85
2023,Troy,234.3,92.5,0.674,0.843,9.8,30.7,20.1,-1.0,0.010000000000000009
2023,Tulane,311.3,138.8,0.635,0.993,2.8,26.5,24.4,-4.0,-0.8699999999999999
2023,Tulsa,107.9,30.3,0.351,0.391,-13.7,20.9,34.7,-3.0,-2.68
2023,UAB,178.0,23.2,0.44,0.314,-14.7,26.9,39.6,-6.0,-0.89
2023,UCF,345.6,90.9,0.666,0.767,3.4,30.3,25.2,-1.0,8.44
2023,UCLA,174.8,21.6,0.277,0.1,9.7,29.6,18.4,7.0,10.79
2023,UConn,133.3,12.9,0.753,0.993,-15.6,17.0,31.0,2.0,-2.52
2023,UL Monroe,89.6,6.2,0.123,0.003,-21.6,17.6,37.5,-14.0,-2.6
2023,UNLV,166.0,81.4,0.621,0.925,1.4,32.1,32.7,-9.0,-6.98
2023,USC,599.9,248.9,0.764,0.987,9.4,43.3,32.8,-5.0,3.8999999999999986
2023,Utah,364.9,120.4,0.781,1.0,8.5,26.7,19.4,-10.0,4.41
2023,Utah State,125.7,27.5,0.451,0.614,-10.9,28.6,38.6,-14.0,-5.2
2023,UTEP,188.9,62.8,0.659,0.888,-16.2,16.9,32.0,-3.0,-1.76
2023,UTSA,487.5,201.8,0.736,0.994,5.4,31.3,27.3,-5.0,0.7399999999999999
2023,Vanderbilt,139.7,44.5,0.618,0.628,-12.7,23.6,36.3,-10.0,-1.82
2023,Virginia,31.6,2.9,0.302,0.003,-10.8,21.0,31.7,-6.0,0.6600000000000001
2023,Virginia Tech,134.7,40.6,0.691,0.947,5.8,27.5,23.3,-12.0,6.15
2023,Wake Forest,235.8,16.6,0.363,0.095,-7.9,20.2,26.9,-8.0,-1.0299999999999998
2023,Washington,610.9,256.9,0.851,0.995,16.4,40.3,24.7,-12.0,2.71
2023,Washington State,231.9,67.2,0.828,0.987,4.9,31.0,27.4,-27.0,0.7299999999999995
2023,Western Kentucky,327.8,165.0,0.764,0.985,-2.0,28.7,30.1,-8.0,-7.73
2023,Western Michigan,92.9,53.5,0.605,0.994,-15.9,19.1,33.2,-4.0,-4.52
2023,West Virginia,151.7,28.8,0.362,0.212,7.5,31.5,24.6,-8.0,4.330000000000001
2023,Wisconsin,205.8,32.4,0.5,0.046,9.4,22.2,14.1,-5.0,5.28
2023,Wyoming,172.3,22.0,0.643,0.997,-3.6,23.5,26.1,-13.0,-3.54
2023,Jacksonville State,,,,,-1.6,24.8,25.9,2.0,0.0
2023,Sam Houston,,,,,-13.8,16.0,28.8,4.0,0.0
2023,nationalAverages,,,,,-0.09699248120300752,26.369924812030074,26.47218045112782,,
2023,North Carolina A&T,,,,,,,,-2.0,-3.48
2023,Eastern Washington,,,,,,,,-1.0,-0.89
2023,South Dakota,,,,,,,,-2.0,0.0
2023,Lamar,,,,,,,,-1.0,0.0
2023,Idaho State,,,,,,,,-1.0,-1.74
2023,UT Martin,,,,,,,,0.0,0.0
2023,Gardner-Webb,,,,,,,,0.0,-0.86
2023,Richmond,,,,,,,,-5.0,-1.68
2023,Norfolk State,,,,,,,,-4.0,-1.78
2023,Shorter,,,,,,,,-1.0,-0.92
2023,Indiana State,,,,,,,,1.0,0.0
2023,Hutchinson C.C.,,,,,,,,2.0,0.0
2023,Yale,,,,,,,,-1.0,-0.84
2023,Montana,,,,,,,,3.0,0.0
2023,Lackawanna College,,,,,,,,1.0,0.0
2023,Saint Francis (PA),,,,,,,,-5.0,-0.87
2023,Northern Arizona,,,,,,,,3.0,-0.85
2023,Missouri State,,,,,,,,-3.0,-2.58
2023,Howard,,,,,,,,-1.0,0.0
2023,Kennesaw State,,,,,,,,1.0,0.0
2023,Professional,,,,,,,,2.0,1.77
2023,Central Washington,,,,,,,,-1.0,0.0
2023,Western Illinois,,,,,,,,-3.0,-1.76
2023,Villanova,,,,,,,,-2.0,-0.85
2023,Northern State,,,,,,,,-1.0,0.0
2023,Columbia,,,,,,,,-1.0,0.0
2023,Bethune-Cookman,,,,,,,,3.0,0.0
2023,Eastern Kentucky,,,,,,,,0.0,0.0
2023,Lafayette,,,,,,,,-2.0,-0.83
2023,Alcorn State,,,,,,,,1.0,0.0
2023,Rhode Island,,,,,,,,1.0,-1.81
2023,North Alabama,,,,,,,,2.0,-0.88
2023,Southern Illinois,,,,,,,,0.0,0.0
2023,Monash University,,,,,,,,-1.0,0.0
2023,Hillsdale College,,,,,,,,-1.0,-0.88
2023,Tarleton State,,,,,,,,0.0,0.0
2023,Georgetown,,,,,,,,-1.0,0.0
2023,Portland State,,,,,,,,4.0,0.0
2023,Indiana Wesleyan,,,,,,,,-1.0,-0.85
2023,Palomar College,,,,,,,,1.0,0.0
2023,UC Davis,,,,,,,,-1.0,-0.9
2023,Southern Utah,,,,,,,,-4.0,-2.57
2023,Valdosta State,,,,,,,,2.0,0.0
2023,Houston Christian,,,,,,,,3.0,0.0
2023,Tusculum,,,,,,,,1.0,0.0
2023,Pittsburg State,,,,,,,,-1.0,0.0
2023,Cal Poly,,,,,,,,1.0,-0.020000000000000018
2023,Towson,,,,,,,,0.0,0.0
2023,Northern Michigan,,,,,,,,0.0,0.0
2023,Navarro College,,,,,,,,1.0,0.0
2023,Riverside C.C.,,,,,,,,1.0,0.0
2023,Newberry,,,,,,,,-1.0,-0.88
2023,Presbyterian,,,,,,,,-1.0,0.0
2023,Coffeyville C.C.,,,,,,,,1.0,0.0
2023,Ferris State,,,,,,,,-1.0,-0.87
2023,North Dakota State,,,,,,,,-1.0,-0.88
2023,Northern Iowa,,,,,,,,4.0,0.0
2023,Copiah-Lincoln C.C.,,,,,,,,1.0,0.0
2023,Laney College,,,,,,,,1.0,0.0
2023,Mississippi Valley State,,,,,,,,2.0,0.0
2023,Northern Colorado,,,,,,,,1.0,0.0
2023,Dartmouth,,,,,,,,-2.0,-1.74
2023,Tennessee State,,,,,,,,0.0,-0.88
2023,Fayetteville State,,,,,,,,1.0,0.0
2023,"California, Pa.",,,,,,,,-2.0,-1.75
2023,Incarnate Word,,,,,,,,4.0,0.79
2023,East Tennessee State,,,,,,,,-1.0,-0.9
2023,Prairie View A&M,,,,,,,,-1.0,0.0
2023,Merrimack,,,,,,,,0.0,0.0
2023,Morgan State,,,,,,,,2.0,0.0
2023,Dayton,,,,,,,,-1.0,-0.87
2023,East Mississippi C.C.,,,,,,,,1.0,0.87
2023,Erskine College,,,,,,,,-1.0,0.0
2023,Snow College,,,,,,,,1.0,0.0
2023,Pennsylvania,,,,,,,,-7.0,-3.48
2023,VMI,,,,,,,,-3.0,-0.87
2023,Princeton,,,,,,,,-1.0,0.0
2023,Southern,,,,,,,,-1.0,-0.84
2023,Notre Dame College,,,,,,,,-1.0,-0.83
2023,Emporia State,,,,,,,,1.0,0.0
2023,Sacred Heart,,,,,,,,-2.0,0.0
2023,Wingate,,,,,,,,-1.0,0.0
2023,De Anza College,,,,,,,,1.0,0.0
2023,Blinn College,,,,,,,,1.0,0.84
2023,Grand Valley State,,,,,,,,-2.0,-1.76
2023,Alabama A&M,,,,,,,,2.0,0.81
2023,Fordham,,,,,,,,0.0,-0.9
2023,Elon,,,,,,,,0.0,-0.88
2023,North Carolina Central,,,,,,,,1.0,-0.88
2023,Duquesne,,,,,,,,-1.0,-1.75
2023,Davenport,,,,,,,,1.0,0.0
2023,Montana State,,,,,,,,2.0,-0.8
2023,West Liberty,,,,,,,,-1.0,0.0
2023,Abilene Christian,,,,,,,,2.0,-0.85
2023,Wofford,,,,,,,,-3.0,0.0
2023,Northwestern State,,,,,,,,0.0,-0.88
2023,UAlbany,,,,,,,,0.0,0.0
2023,Lenoir Rhyne,,,,,,,,-1.0,0.0
2023,Maine,,,,,,,,-3.0,-2.59
2023,South Carolina State,,,,,,,,-1.0,-0.89
2023,Lindenwood University,,,,,,,,1.0,0.0
2023,Wagner,,,,,,,,-1.0,0.0
2023,Eastern Illinois,,,,,,,,-1.0,0.0
2023,McNeese,,,,,,,,1.0,0.0
2023,Cerritos College,,,,,,,,1.0,0.0
2023,Bucknell,,,,,,,,-1.0,0.0
2023,Illinois State,,,,,,,,2.0,0.0
2023,Stony Brook,,,,,,,,5.0,0.0
2023,LIU Post,,,,,,,,-2.0,-0.89
2023,Colgate,,,,,,,,-2.0,0.0
2023,Texas Southern,,,,,,,,1.0,-0.84
2023,Central Arkansas,,,,,,,,1.0,0.88
2023,Assumption,,,,,,,,-1.0,0.0
2023,Florida A&M,,,,,,,,4.0,0.0
2023,Jackson State,,,,,,,,-13.0,-13.15
2023,Cornell,,,,,,,,-1.0,-0.86
2023,Central Missouri,,,,,,,,-1.0,0.0
2023,Southeast Missouri State,,,,,,,,-3.0,-1.69
2023,Lane College,,,,,,,,-1.0,0.0
2023,Stephen F. Austin,,,,,,,,1.0,0.0
2023,Utah Tech,,,,,,,,-5.0,-0.88
2023,Sacramento State,,,,,,,,-4.0,-0.88
2023,Grambling,,,,,,,,-1.0,0.0
2023,Samford,,,,,,,,1.0,0.0
2023,Sioux Falls,,,,,,,,-1.0,-0.85
2023,SE Louisiana,,,,,,,,-1.0,-1.82
2023,San Diego,,,,,,,,-1.0,0.0
2023,Weber State,,,,,,,,-3.0,-2.61
2023,Furman,,,,,,,,-2.0,0.0
2023,Robert Morris,,,,,,,,2.0,0.0
2023,Hampton,,,,,,,,2.0,0.0
2023,Lehigh,,,,,,,,-3.0,0.0
2023,St. Thomas,,,,,,,,1.0,0.0
2023,South Dakota State,,,,,,,,0.0,0.0
2023,Harvard,,,,,,,,-5.0,-3.46
2023,Austin Peay,,,,,,,,-1.0,-2.62
2023,Bryant,,,,,,,,-1.0,-0.85
2023,Delaware,,,,,,,,-2.0,0.0
2023,Central Oklahoma,,,,,,,,1.0,0.0
2023,Mercer,,,,,,,,2.0,0.0
2023,Campbell,,,,,,,,3.0,-0.86
2023,Western Carolina,,,,,,,,-1.0,-0.89
2023,Alabama State,,,,,,,,0.0,0.0
2023,New Haven,,,,,,,,1.0,0.0
2023,Monmouth,,,,,,,,-1.0,-0.88
2023,Angelo State,,,,,,,,-3.0,-0.84
2023,George Fox,,,,,,,,-1.0,-0.87
2023,Frostburg State,,,,,,,,-1.0,-0.9
2023,Holy Cross,,,,,,,,-2.0,0.0
2023,Saginaw Valley State,,,,,,,,-2.0,-0.87
