season,week,home_team,away_team,rating_diff,home_field,rest_diff,actual_margin,actual_home_win
2014,4,WAS,NYG,0.2249003142607917,1.0,0,-31.0,False
2014,4,BAL,CAR,-0.0054085266510899,1.0,0,28.0,True
2014,4,CHI,GB,-0.0996749881777281,1.0,-1,-21.0,False
2014,4,HOU,BUF,-0.0444962270315247,1.0,0,6.0,True
2014,4,IND,TEN,0.0167339871795508,1.0,0,24.0,True
2014,4,NYJ,DET,0.1766460719182854,1.0,-1,-7.0,False
2014,4,PIT,TB,0.2709695568646417,1.0,-3,-3.0,False
2014,4,MIN,ATL,-0.3411324906898786,1.0,-3,13.0,True
2014,4,SF,PHI,0.0789004994125223,1.0,0,5.0,True
2014,4,DAL,NO,-0.1400943419649861,1.0,0,21.0,True
2014,4,KC,NE,-0.0860306953000626,1.0,0,27.0,True
2014,5,GB,MIN,0.2554006807492543,1.0,0,32.0,True
2014,5,CAR,CHI,0.0723879168434337,1.0,0,7.0,True
2014,5,DAL,HOU,0.1018607286085786,1.0,0,3.0,True
2014,5,DET,BUF,-0.0368538691340554,1.0,0,-3.0,False
2014,5,IND,BAL,-0.1854377823630997,1.0,0,7.0,True
2014,5,JAX,PIT,-0.1797528576540239,1.0,0,-8.0,False
2014,5,NO,TB,0.2037543844227349,1.0,0,6.0,True
2014,5,NYG,ATL,-0.0373540333468018,1.0,3,10.0,True
2014,5,TEN,CLE,-0.1843073213313074,1.0,-7,-1.0,False
2014,5,DEN,ARI,-0.0879099282117026,1.0,0,21.0,True
2014,5,SF,KC,-0.0821944197204095,1.0,1,5.0,True
2014,5,NE,CIN,-0.1784448472227885,1.0,-8,26.0,True
2014,5,WAS,SEA,-0.161910132136624,1.0,-4,-10.0,False
2014,6,HOU,IND,0.0736494108897593,1.0,0,-5.0,False
2014,6,BUF,NE,-0.0587997188168586,1.0,0,-15.0,False
2014,6,CIN,CAR,0.0562785724142582,1.0,0,0.0,False
2014,6,CLE,PIT,0.0384062208375384,1.0,0,21.0,True
2014,6,MIA,GB,-0.1281829235824808,1.0,4,-3.0,False
2014,6,MIN,DET,-0.1119652367512367,1.0,3,-14.0,False
2014,6,NYJ,DEN,-0.1219043505796336,1.0,0,-14.0,False
2014,6,TB,BAL,-0.2726936764748714,1.0,0,-31.0,False
2014,6,TEN,JAX,0.1068202318210862,1.0,0,2.0,True
2014,6,ARI,WAS,0.0145864195918901,1.0,1,10.0,True
2014,6,ATL,CHI,-0.0620230274269024,1.0,0,-14.0,False
2014,6,SEA,DAL,0.2220129293182905,1.0,-1,-7.0,False
2014,6,PHI,NYG,-0.1987264544268624,1.0,0,27.0,True
2014,7,NE,NYJ,0.1261340375913553,1.0,0,2.0,True
2014,7,BAL,ATL,0.0199331422309793,1.0,0,22.0,True
2014,7,BUF,MIN,0.2040709841929375,1.0,0,1.0,True
2014,7,CHI,MIA,0.0085913003524713,1.0,0,-13.0,False
2014,7,DET,NO,-0.0557399371077862,1.0,-7,1.0,True
2014,7,GB,CAR,0.0706444160332619,1.0,0,21.0,True
2014,7,IND,CIN,-0.0507617314255968,1.0,3,27.0,True
2014,7,JAX,CLE,-0.3586285875336046,1.0,0,18.0,True
2014,7,WAS,TEN,0.102100913969126,1.0,0,2.0,True
2014,7,DAL,NYG,0.1201101581456578,1.0,0,10.0,True
2014,7,DEN,SF,0.0734058421019116,1.0,1,25.0,True
2014,7,PIT,HOU,-0.0493084262309776,1.0,-3,7.0,True
2014,8,ATL,DET,0.1230466633426627,0.0,0,-1.0,False
2014,8,CAR,SEA,-0.1757324773302827,1.0,0,-4.0,False
2014,8,CIN,BAL,-0.0057897036684259,1.0,0,3.0,True
2014,8,JAX,MIA,-0.3180532962931373,1.0,0,-14.0,False
2014,8,NE,CHI,0.0664058660197551,1.0,3,28.0,True
2014,8,NYJ,BUF,0.0241772818528507,1.0,3,-20.0,False
2014,8,TB,MIN,-0.1160720356483721,1.0,7,-6.0,False
2014,8,TEN,HOU,-0.0480287250229041,1.0,1,-14.0,False
2014,8,ARI,PHI,0.0470323076851079,1.0,-7,4.0,True
2014,8,PIT,IND,-0.0805268073844297,1.0,-1,17.0,True
2014,8,NO,GB,-0.1319106265731937,1.0,0,21.0,True
2014,8,DAL,WAS,0.1294720152268125,1.0,0,-3.0,False
2014,9,CAR,NO,-0.1293408876916442,1.0,0,-18.0,False
2014,9,CIN,JAX,0.3103832904951953,1.0,0,10.0,True
2014,9,CLE,TB,0.3254433040121717,1.0,0,5.0,True
2014,9,DAL,ARI,0.1223169484853325,1.0,-1,-11.0,False
2014,9,HOU,PHI,0.0026804840830048,1.0,0,-10.0,False
2014,9,KC,NYJ,0.1714697231448297,1.0,0,14.0,True
2014,9,MIN,WAS,-0.1863205021739252,1.0,1,3.0,True
2014,9,NE,DEN,-0.1074794710018729,1.0,-3,22.0,True
2014,9,PIT,BAL,0.0641813362923665,1.0,0,20.0,True
2014,9,NYG,IND,-0.1404484992818047,1.0,7,-16.0,False
2014,10,CIN,CLE,0.0899704603543793,1.0,0,-21.0,False
2014,10,BAL,TEN,0.1198280233815749,1.0,-7,14.0,True
2014,10,BUF,KC,-0.1906854951835201,1.0,7,-4.0,False
2014,10,DET,MIA,-0.1954812398008618,1.0,7,4.0,True
2014,10,JAX,DAL,-0.3243091238745882,0.0,0,-14.0,False
2014,10,NO,SF,0.0781313316710405,1.0,3,-3.0,False
2014,10,NYJ,PIT,-0.2233642535465014,1.0,0,7.0,True
2014,10,TB,ATL,-0.3074344977831865,1.0,-7,-10.0,False
2014,10,SEA,NYG,0.2261037174773586,1.0,1,21.0,True
2014,10,GB,CHI,0.1216734215399791,1.0,0,41.0,True
2014,10,PHI,CAR,0.0446738203952873,1.0,-3,24.0,True
2014,11,MIA,BUF,0.1387478238686977,1.0,0,13.0,True
2014,11,CAR,ATL,-0.1754796721513829,1.0,-1,-2.0,False
2014,11,CHI,MIN,0.1195465683067343,1.0,-7,8.0,True
2014,11,CLE,HOU,0.0084947260937312,1.0,-4,-16.0,False
2014,11,KC,SEA,-0.0601984542761928,1.0,0,4.0,True
2014,11,NO,CIN,0.1097925963433751,1.0,-3,-17.0,False
2014,11,NYG,SF,-0.0473085772953083,1.0,0,-6.0,False
2014,11,WAS,TB,0.2142923214257381,1.0,7,-20.0,False
2014,11,ARI,DET,0.0668977271975806,1.0,0,8.0,True
2014,11,GB,PHI,0.1535282809340357,1.0,1,33.0,True
2014,11,IND,NE,-0.038725556723737,1.0,-1,-22.0,False
2014,11,TEN,PIT,-0.1632726671358885,1.0,0,-3.0,False
2014,12,ATL,CLE,0.1316659249372626,1.0,0,-2.0,False
2014,12,CHI,TB,0.1836122996139326,1.0,0,8.0,True
2014,12,HOU,CIN,-0.0394075840809863,1.0,0,-9.0,False
2014,12,IND,JAX,0.3369150482013562,1.0,-7,20.0,True
2014,12,MIN,GB,-0.3976117346901495,1.0,0,-3.0,False
2014,12,NE,DET,0.2724362428351082,1.0,0,25.0,True
2014,12,PHI,TEN,0.1006421724160161,1.0,1,19.0,True
2014,12,SEA,ARI,0.176193801711247,1.0,0,16.0,True
2014,12,DEN,MIA,0.1094193055409684,1.0,-3,3.0,True
2014,12,SF,WAS,0.0261079712331022,1.0,0,4.0,True
2014,12,NYG,DAL,-0.1764134579332506,1.0,-7,-3.0,False
2014,12,BUF,NYJ,-0.0041997931474637,0.0,-4,35.0,True
2014,12,NO,BAL,0.0619730046458225,1.0,-7,-7.0,False
2014,13,DET,CHI,-0.115735252000193,1.0,0,17.0,True
2014,13,DAL,PHI,0.08183480515342,1.0,0,-23.0,False
2014,13,SF,SEA,-0.1446335260502635,1.0,0,-16.0,False
2014,13,BUF,CLE,-0.0017679345342428,1.0,-1,16.0,True
2014,13,HOU,TEN,0.0580512823874019,1.0,0,24.0,True
2014,13,IND,WAS,0.1200479709539076,1.0,0,22.0,True
2014,13,JAX,NYG,-0.1928539665025888,1.0,0,1.0,True
2014,13,MIN,CAR,-0.0438506408928652,1.0,-7,18.0,True
2014,13,PIT,NO,-0.0263852921282694,1.0,7,-3.0,False
2014,13,TB,CIN,-0.2480171980488867,1.0,0,-1.0,False
2014,13,ATL,ARI,0.0789582018799066,1.0,0,11.0,True
2014,13,GB,NE,0.0358743507836022,1.0,0,5.0,True
2014,13,KC,DEN,-0.0819422676254683,1.0,3,-13.0,False
2014,13,NYJ,MIA,-0.1865401306536419,1.0,-1,-3.0,False
2014,14,CHI,DAL,-0.0968972262516755,1.0,0,-13.0,False
2014,14,CIN,PIT,-0.031593614609692,1.0,0,-21.0,False
2014,14,CLE,IND,-0.1508393916580614,1.0,0,-1.0,False
2014,14,DET,TB,0.1128885383078352,1.0,3,17.0,True
2014,14,JAX,HOU,-0.2675015157909555,1.0,0,-14.0,False
2014,14,MIA,BAL,0.0255817884455012,1.0,-1,-15.0,False
2014,14,MIN,NYJ,-0.0426856971355165,1.0,1,6.0,True
2014,14,NO,CAR,0.2333248407792333,1.0,0,-31.0,False
2014,14,TEN,NYG,-0.0623731071268211,1.0,0,-29.0,False
2014,14,ARI,KC,-0.1380002843435745,1.0,0,3.0,True
2014,14,DEN,BUF,0.2454470007452894,1.0,0,7.0,True
2014,14,PHI,SEA,-0.1072884464221891,1.0,0,-10.0,False
2014,14,GB,ATL,0.1278182282908095,1.0,0,6.0,True
2014,15,ATL,PIT,0.0169013720332877,1.0,-1,-7.0,False
2014,15,BAL,JAX,0.3287882934736255,1.0,0,8.0,True
2014,15,BUF,GB,-0.3015352443635934,1.0,1,8.0,True
2014,15,CAR,TB,0.1627555437921723,1.0,0,2.0,True
2014,15,CLE,CIN,-0.1149318356974698,1.0,0,-30.0,False
2014,15,IND,HOU,0.0662284502506101,1.0,0,7.0,True
2014,15,NE,MIA,0.1148993128617702,1.0,0,28.0,True
2014,15,NYG,WAS,0.0381880256784514,1.0,0,11.0,True
2014,15,TEN,NYJ,-0.0280199880487261,1.0,0,-5.0,False
2014,15,DET,MIN,0.0386952902142265,1.0,0,2.0,True
2014,15,SEA,SF,0.1884780117954367,1.0,0,10.0,True
2014,15,PHI,DAL,-0.0974561162410836,1.0,-3,-11.0,False
2014,15,CHI,NO,-0.1163242427187864,1.0,3,-16.0,False
2014,16,JAX,TEN,-0.1652126935736923,1.0,0,8.0,True
2014,16,WAS,PHI,-0.0923456575712617,1.0,0,3.0,True
2014,16,CAR,CLE,0.0558898519251096,1.0,0,4.0,True
2014,16,CHI,DET,0.0024038101553655,1.0,-1,-6.0,False
2014,16,HOU,BAL,-0.0655105246915594,1.0,0,12.0,True
2014,16,MIA,MIN,0.1311379831318319,1.0,0,2.0,True
2014,16,NO,ATL,0.0365663354201992,1.0,-1,-16.0,False
2014,16,NYJ,NE,-0.2749690309664614,1.0,0,-1.0,False
2014,16,PIT,KC,-0.0047657418117036,1.0,0,8.0,True
2014,16,TB,GB,-0.4291070166434602,1.0,0,-17.0,False
2014,16,DAL,IND,0.0707398049797908,1.0,0,35.0,True
2014,16,ARI,SEA,-0.1629020434573457,1.0,3,-29.0,False
2014,16,CIN,DEN,-0.1489904501503439,1.0,0,9.0,True
2014,17,BAL,CLE,0.1354278879369759,1.0,0,10.0,True
2014,17,HOU,JAX,0.2421650177978995,1.0,-3,6.0,True
2014,17,MIA,NYJ,0.1559373304346361,1.0,0,-13.0,False
2014,17,MIN,CHI,-0.0133232472631417,1.0,0,4.0,True
2014,17,NE,BUF,0.2533889714468873,1.0,0,-8.0,False
2014,17,NYG,PHI,-0.013087954614162,1.0,-1,-8.0,False
2014,17,TB,NO,-0.3289243507735624,1.0,0,-3.0,False
2014,17,TEN,IND,-0.1374616464858751,1.0,3,-17.0,False
2014,17,WAS,DAL,-0.2233742440626994,1.0,1,-27.0,False
2014,17,ATL,CAR,0.1357047675260667,1.0,0,-31.0,False
2014,17,GB,DET,0.2655498975817236,1.0,0,10.0,True
2014,17,SF,ARI,0.0360222542822437,1.0,1,3.0,True
2014,17,PIT,CIN,0.0547952855806305,1.0,1,10.0,True
2015,4,PIT,BAL,0.1627166404856971,1.0,0,-3.0,False
2015,4,MIA,NYJ,-0.0253496617910433,0.0,0,-13.0,False
2015,4,ATL,HOU,0.2204915674204078,1.0,0,27.0,True
2015,4,BUF,NYG,0.1345960216739043,1.0,-3,-14.0,False
2015,4,CIN,KC,0.0827943639321218,1.0,1,15.0,True
2015,4,IND,JAX,-0.2209543271942426,1.0,0,3.0,True
2015,4,TB,CAR,-0.1427995395462856,1.0,0,-14.0,False
2015,4,WAS,PHI,-0.1533073616594866,1.0,3,3.0,True
2015,4,DEN,MIN,-0.094908627070254,1.0,0,3.0,True
2015,4,SF,GB,-0.32569284822419,1.0,1,-14.0,False
2015,4,NO,DAL,-0.1543962950839654,1.0,0,6.0,True
2015,4,SEA,DET,0.1881968932578152,1.0,0,3.0,True
2015,5,HOU,IND,0.0236102101517966,1.0,0,-7.0,False
2015,5,ATL,WAS,0.1769516799792727,1.0,0,6.0,True
2015,5,BAL,CLE,-0.1134651362668101,1.0,3,-3.0,False
2015,5,CIN,SEA,0.2828643675478798,1.0,1,3.0,True
2015,5,KC,CHI,0.1021166340562707,1.0,0,-1.0,False
2015,5,PHI,NO,-0.1386087907807963,1.0,0,22.0,True
2015,5,TB,JAX,-0.1735092359212694,1.0,0,7.0,True
2015,5,TEN,BUF,-0.1031518365479072,1.0,7,-1.0,False
2015,5,DET,ARI,-0.3983647121836904,1.0,-1,-25.0,False
2015,5,DAL,NE,-0.3446147979073741,1.0,-7,-24.0,False
2015,5,NYG,SF,0.268855582080246,1.0,0,3.0,True
2015,6,NO,ATL,-0.0326295859694372,1.0,0,10.0,True
2015,6,BUF,CIN,-0.0973601393935019,1.0,0,-13.0,False
2015,6,CLE,DEN,0.2010117352948258,1.0,0,-3.0,False
2015,6,DET,CHI,-0.1288912357171282,1.0,0,3.0,True
2015,6,JAX,HOU,0.0057291241402466,1.0,-3,-11.0,False
2015,6,MIN,KC,-0.1081484861072585,1.0,7,6.0,True
2015,6,NYJ,WAS,-0.0536365851625439,1.0,7,14.0,True
2015,6,PIT,ARI,-0.1945851711596761,1.0,-1,12.0,True
2015,6,TEN,MIA,0.1719390548024401,1.0,-7,-28.0,False
2015,6,SEA,CAR,0.0943536694783921,1.0,-7,-4.0,False
2015,6,SF,BAL,-0.0614680654694242,1.0,0,5.0,True
2015,6,IND,NE,-0.4900583257681764,1.0,3,-7.0,False
2015,6,PHI,NYG,-0.1662065565212006,1.0,0,20.0,True
2015,7,SF,SEA,-0.1808561394237043,1.0,0,-17.0,False
2015,7,JAX,BUF,-0.1051025219930675,0.0,0,3.0,True
2015,7,DET,MIN,-0.0196413025489375,1.0,0,-9.0,False
2015,7,IND,NO,-0.1830268427230367,1.0,-3,-6.0,False
2015,7,KC,PIT,-0.0492403733393253,1.0,0,10.0,True
2015,7,MIA,HOU,-0.0373388728485738,1.0,0,18.0,True
2015,7,NE,NYJ,0.3536091506598456,1.0,0,7.0,True
2015,7,TEN,ATL,-0.2087636918591638,1.0,-3,-3.0,False
2015,7,WAS,TB,0.0883832499286571,1.0,-7,1.0,True
2015,7,NYG,DAL,0.0043512351489083,1.0,-8,7.0,True
2015,7,CAR,PHI,0.009938411393809,1.0,1,11.0,True
2015,7,ARI,BAL,0.2297392115434861,1.0,0,8.0,True
2015,8,NE,MIA,0.2950126810766131,1.0,0,29.0,True
2015,8,KC,DET,0.2043230706888913,0.0,0,35.0,True
2015,8,ATL,TB,0.1127096056182122,1.0,0,-3.0,False
2015,8,CHI,MIN,0.1328703309150541,1.0,7,-3.0,False
2015,8,CLE,ARI,-0.1695504436129929,1.0,1,-14.0,False
2015,8,HOU,TEN,0.0280170565569859,1.0,0,14.0,True
2015,8,NO,NYG,-0.0421743731275671,1.0,0,3.0,True
2015,8,PIT,CIN,-0.2266229392372304,1.0,-7,-6.0,False
2015,8,DAL,SEA,-0.0039252408557356,1.0,-3,-1.0,False
2015,8,DEN,GB,-0.3578836944061349,1.0,0,19.0,True
2015,8,CAR,IND,0.1675263599512612,1.0,0,3.0,True
2015,9,CIN,CLE,0.1294604360646576,1.0,0,21.0,True
2015,9,BUF,MIA,-0.0247110530615013,1.0,4,16.0,True
2015,9,CAR,GB,-0.1772688051385175,1.0,-1,8.0,True
2015,9,NE,WAS,0.3421375011206874,1.0,-4,17.0,True
2015,9,NO,TEN,0.2662921616653825,1.0,0,-6.0,False
2015,9,NYJ,JAX,0.0013691630147825,1.0,-7,5.0,True
2015,9,SF,ATL,-0.2111749982947248,1.0,0,1.0,True
2015,9,TB,NYG,-0.1143860119212158,1.0,0,-14.0,False
2015,9,IND,DEN,-0.0764047196028958,1.0,-1,3.0,True
2015,9,DAL,PHI,0.115941787034781,1.0,-7,-6.0,False
2015,10,NYJ,BUF,-0.0744790449686721,1.0,0,-5.0,False
2015,10,BAL,JAX,-0.035089587812531,1.0,7,-2.0,False
2015,10,GB,DET,0.36428711875172,1.0,-7,-2.0,False
2015,10,PHI,MIA,-0.0352188836747837,1.0,0,-1.0,False
2015,10,PIT,CLE,0.0254607198081366,1.0,-3,21.0,True
2015,10,TB,DAL,-0.117736348820811,1.0,0,4.0,True
2015,10,TEN,CAR,-0.2107674313636061,1.0,0,-17.0,False
2015,10,WAS,NO,-0.1632537173438491,1.0,0,33.0,True
2015,10,DEN,KC,-0.2067710623400677,1.0,-7,-16.0,False
2015,10,NYG,NE,-0.2297223777658454,1.0,0,-1.0,False
2015,10,SEA,ARI,-0.1147830364589917,1.0,0,-7.0,False
2015,10,CIN,HOU,0.1912862102684529,1.0,-4,-4.0,False
2015,11,JAX,TEN,0.0402149856572199,1.0,0,6.0,True
2015,11,ATL,IND,0.0846145487295455,1.0,0,-3.0,False
2015,11,CAR,WAS,0.1190638285368884,1.0,0,28.0,True
2015,11,CHI,DEN,0.1900036094430664,1.0,0,-2.0,False
2015,11,HOU,NYJ,0.0653557970381669,1.0,-4,7.0,True
2015,11,MIA,DAL,-0.0273371387064095,1.0,0,-10.0,False
2015,11,PHI,TB,0.0271593296050113,1.0,0,-28.0,False
2015,11,MIN,GB,-0.2252510419495203,1.0,0,-17.0,False
2015,11,SEA,SF,0.2538368804900333,1.0,-7,16.0,True
2015,11,ARI,CIN,0.0960964116222523,1.0,1,3.0,True
2015,11,NE,BUF,0.2077550847954539,1.0,-3,7.0,True
2015,12,DET,PHI,-0.1099942935763328,1.0,0,31.0,True
2015,12,DAL,CAR,-0.0142409455210893,1.0,0,-19.0,False
2015,12,GB,CHI,0.0605621785569795,1.0,0,-4.0,False
2015,12,ATL,MIN,0.0669035036799958,1.0,0,-10.0,False
2015,12,HOU,NO,-0.0622565929376954,1.0,-7,18.0,True
2015,12,IND,TB,-0.0939958514741267,1.0,0,13.0,True
2015,12,KC,BUF,0.1087044072669295,1.0,1,8.0,True
2015,12,NYJ,MIA,-0.0920478803919613,1.0,0,18.0,True
2015,12,WAS,NYG,-0.1319271305756302,1.0,-7,6.0,True
2015,12,SF,ARI,-0.3262647109509251,1.0,0,-6.0,False
2015,12,SEA,PIT,0.1329993071085767,1.0,-7,9.0,True
2015,12,DEN,NE,-0.2890531887782338,1.0,1,6.0,True
2015,12,CLE,BAL,0.0145352052310107,1.0,7,-6.0,False
2015,13,DET,GB,-0.1864949266626187,1.0,0,-4.0,False
2015,13,BUF,HOU,0.0231035004064169,1.0,0,9.0,True
2015,13,CHI,SF,0.1818513507703013,1.0,3,-6.0,False
2015,13,CLE,CIN,-0.19334683950288,1.0,-1,-34.0,False
2015,13,MIA,BAL,0.0070628237028888,1.0,1,2.0,True
2015,13,MIN,SEA,-0.2618289653146998,1.0,0,-31.0,False
2015,13,NYG,NYJ,0.0573915375844456,1.0,0,-3.0,False
2015,13,TB,ATL,0.0459704403725701,1.0,0,4.0,True
2015,13,TEN,JAX,-0.0467987054574761,1.0,0,3.0,True
2015,13,NE,PHI,0.2864859871338163,1.0,-3,-7.0,False
2015,13,NO,CAR,-0.059806522227281,1.0,-3,-3.0,False
2015,13,PIT,IND,0.1001279103184728,1.0,0,35.0,True
2015,13,WAS,DAL,-0.0519267002224745,1.0,-3,-3.0,False
2015,14,ARI,MIN,0.236021227259532,1.0,0,3.0,True
2015,14,BAL,SEA,-0.3102219558739627,1.0,0,-29.0,False
2015,14,CAR,ATL,0.1418673678707135,1.0,0,38.0,True
2015,14,CHI,WAS,0.0949435591333938,1.0,1,-3.0,False
2015,14,CIN,PIT,0.1203379602026938,1.0,0,-13.0,False
2015,14,CLE,SF,0.0650176924963905,1.0,0,14.0,True
2015,14,JAX,IND,0.0534422376465725,1.0,0,35.0,True
2015,14,NYJ,TEN,0.077961218099757,1.0,0,22.0,True
2015,14,PHI,BUF,-0.1252566717434325,1.0,0,3.0,True
2015,14,TB,NO,-0.0248231600887753,1.0,0,-7.0,False
2015,14,GB,DAL,0.1025483153695693,1.0,4,21.0,True
2015,14,HOU,NE,-0.1586313648321642,1.0,0,-21.0,False
2015,14,MIA,NYG,-0.0567177227842319,1.0,0,-7.0,False
2015,15,DAL,NYJ,-0.0216963521226245,1.0,0,-3.0,False
2015,15,BAL,KC,-0.1919174768343611,1.0,0,-20.0,False
2015,15,IND,HOU,-0.1020875037184134,1.0,0,-6.0,False
2015,15,JAX,ATL,-0.01099739968124,1.0,0,-6.0,False
2015,15,MIN,CHI,-0.1031730354025047,1.0,3,21.0,True
2015,15,NE,TEN,0.302225568926359,1.0,0,17.0,True
2015,15,NYG,CAR,-0.1060963253186316,1.0,-1,-3.0,False
2015,15,WAS,BUF,-0.1145180356470683,1.0,0,10.0,True
2015,15,SEA,CLE,0.284766134839036,1.0,0,17.0,True
2015,15,PIT,DEN,0.1215620424728049,1.0,0,7.0,True
2015,15,SF,CIN,-0.2951024760101755,1.0,0,-10.0,False
2015,15,PHI,ARI,-0.2467303915594815,1.0,-3,-23.0,False
2015,15,NO,DET,0.1147745135571129,1.0,0,-8.0,False
2015,16,PHI,WAS,-0.050318275630809,1.0,0,-14.0,False
2015,16,ATL,CAR,-0.1459298765552845,1.0,0,7.0,True
2015,16,BAL,PIT,-0.1425086112064391,1.0,0,3.0,True
2015,16,BUF,DAL,0.0997864504072453,1.0,-1,10.0,True
2015,16,DET,SF,0.1635404845569447,1.0,-1,15.0,True
2015,16,KC,CLE,0.1784652687768996,1.0,0,4.0,True
2015,16,MIA,IND,0.0493807203282888,1.0,0,-6.0,False
2015,16,NYJ,NE,-0.187881393075723,1.0,1,6.0,True
2015,16,TB,CHI,-0.0285530288853368,1.0,3,-5.0,False
2015,16,TEN,HOU,-0.0910585741668902,1.0,0,-28.0,False
2015,16,NO,JAX,0.0721536741525636,1.0,-1,11.0,True
2015,16,ARI,GB,0.1161729882097958,1.0,0,30.0,True
2015,16,MIN,NYG,-0.04520285377409,1.0,0,32.0,True
2015,16,DEN,CIN,-0.2096493079428546,1.0,0,3.0,True
2015,17,ATL,NO,-0.0750555632198549,1.0,0,-3.0,False
2015,17,BUF,NYJ,0.0223757090537048,1.0,0,5.0,True
2015,17,CHI,DET,0.0647474695995905,1.0,0,-4.0,False
2015,17,CIN,BAL,0.1968497487242426,1.0,-1,8.0,True
2015,17,CLE,PIT,-0.1111961682092043,1.0,0,-16.0,False
2015,17,DAL,WAS,-0.0601763689566505,1.0,-1,-11.0,False
2015,17,HOU,JAX,0.0335229726782874,1.0,0,24.0,True
2015,17,IND,TEN,0.0229020771609091,1.0,0,6.0,True
2015,17,MIA,NE,-0.2476456565578945,1.0,0,10.0,True
2015,17,NYG,PHI,0.0749694270928372,1.0,-1,-5.0,False
2015,17,ARI,SEA,0.0025541563034769,1.0,0,-30.0,False
2015,17,CAR,TB,0.0898377892399127,1.0,0,28.0,True
2015,17,GB,MIN,0.0680366477754966,1.0,0,-7.0,False
2016,4,CIN,MIA,-0.0896392521950097,1.0,0,15.0,True
2016,4,JAX,IND,-0.1274410484735795,0.0,0,3.0,True
2016,4,ATL,CAR,0.0255594704783991,1.0,-1,15.0,True
2016,4,CHI,DET,-0.1321408533060864,1.0,0,3.0,True
2016,4,HOU,TEN,0.0374160291178105,1.0,3,7.0,True
2016,4,NE,BUF,0.3248602396958882,1.0,3,-16.0,False
2016,4,NYJ,SEA,0.0380617450056159,1.0,0,-10.0,False
2016,4,WAS,CLE,0.1861255426043654,1.0,0,11.0,True
2016,4,TB,DEN,-0.0633173713410927,1.0,0,-20.0,False
2016,4,ARI,LA,0.2534232650312145,1.0,0,-4.0,False
2016,4,SF,DAL,-0.061313072611672,1.0,0,-7.0,False
2016,4,PIT,KC,0.0274269494273516,1.0,0,29.0,True
2016,4,MIN,NYG,0.125824868805625,1.0,0,14.0,True
2016,5,SF,ARI,-0.1293303685126117,1.0,0,-12.0,False
2016,5,BAL,WAS,-0.2063774116506926,1.0,0,-6.0,False
2016,5,CLE,NE,-0.2489581926063059,1.0,0,-20.0,False
2016,5,DET,PHI,-0.1678306925450514,1.0,-7,1.0,True
2016,5,IND,CHI,-0.0988224410065163,1.0,0,6.0,True
2016,5,MIA,TEN,-0.0016376061624736,1.0,3,-13.0,False
2016,5,MIN,HOU,0.0728562906170983,1.0,-1,18.0,True
2016,5,PIT,NYJ,0.1067535936486592,1.0,0,18.0,True
2016,5,DEN,ATL,-0.2105506083005689,1.0,0,-7.0,False
2016,5,DAL,CIN,0.1293512073784878,1.0,-3,14.0,True
2016,5,LA,BUF,-0.1569976475398629,1.0,0,-11.0,False
2016,5,GB,NYG,0.0560584758079509,1.0,8,7.0,True
2016,5,CAR,TB,0.0450078752126516,1.0,0,-3.0,False
2016,6,BUF,SF,0.168202190417293,1.0,-3,29.0,True
2016,6,CHI,JAX,0.2292592489981277,1.0,-7,-1.0,False
2016,6,DET,LA,0.0516415792708678,1.0,0,3.0,True
2016,6,MIA,PIT,-0.2566996925070226,1.0,0,15.0,True
2016,6,NE,CIN,0.3396519328585127,1.0,0,18.0,True
2016,6,NO,CAR,-0.0341185432833618,1.0,8,3.0,True
2016,6,NYG,BAL,0.0785221263861398,1.0,0,4.0,True
2016,6,TEN,CLE,0.0624215751217315,1.0,0,2.0,True
2016,6,WAS,PHI,0.1314439599924031,1.0,0,7.0,True
2016,6,GB,DAL,-0.122088065499722,1.0,0,-14.0,False
2016,6,SEA,ATL,-0.2032978986973176,1.0,7,2.0,True
2016,6,HOU,IND,0.0601766641600264,1.0,0,3.0,True
2016,6,ARI,NYJ,0.0739242420061809,1.0,3,25.0,True
2016,7,GB,CHI,-0.0624216644203298,1.0,0,16.0,True
2016,7,LA,NYG,-0.0934571791395167,0.0,0,-7.0,False
2016,7,CIN,CLE,0.0361560525004263,1.0,0,14.0,True
2016,7,DET,WAS,-0.1965431537223076,1.0,0,3.0,True
2016,7,KC,NO,-0.1491298257719328,1.0,0,6.0,True
2016,7,MIA,BUF,-0.158920448074668,1.0,0,3.0,True
2016,7,NYJ,BAL,0.0827252278045711,1.0,-1,8.0,True
2016,7,PHI,MIN,-0.1188369942452852,1.0,-7,11.0,True
2016,7,TEN,IND,0.0789033280143404,1.0,0,-8.0,False
2016,7,SF,TB,0.0311327772478547,1.0,-6,-17.0,False
2016,7,PIT,NE,-0.2024679575847609,1.0,0,-11.0,False
2016,7,ARI,SEA,-0.0470264466281238,1.0,-1,0.0,False
2016,7,DEN,HOU,-0.1202005378184843,1.0,3,18.0,True
2016,8,TEN,JAX,0.1594154073293386,1.0,0,14.0,True
2016,8,CIN,WAS,-0.1296933999914205,0.0,0,0.0,False
2016,8,BUF,NE,-0.1605037231384666,1.0,0,-16.0,False
2016,8,CAR,ARI,-0.0216638618126707,1.0,7,10.0,True
2016,8,CLE,NYJ,-0.1027823409879236,1.0,0,-3.0,False
2016,8,HOU,DET,-0.0589279313673926,1.0,-1,7.0,True
2016,8,IND,KC,0.0344923324682583,1.0,0,-16.0,False
2016,8,NO,SEA,0.0521825667817833,1.0,0,5.0,True
2016,8,ATL,GB,0.1945241594042223,1.0,-3,1.0,True
2016,8,DAL,PHI,0.2237328420321022,1.0,7,6.0,True
2016,8,CHI,MIN,0.0365477361448428,1.0,3,10.0,True
2016,9,TB,ATL,-0.2830608669564253,1.0,0,-15.0,False
2016,9,BAL,PIT,-0.2052539262687682,1.0,0,7.0,True
2016,9,CLE,DAL,-0.2960662765160646,1.0,0,-25.0,False
2016,9,KC,JAX,0.2012398134433648,1.0,-3,5.0,True
2016,9,MIA,NYJ,-0.0386135844868485,1.0,7,4.0,True
2016,9,MIN,DET,-0.0223769686013857,1.0,-1,-6.0,False
2016,9,NYG,PHI,-0.0139206879895735,1.0,7,5.0,True
2016,9,LA,CAR,-0.1966499664407656,1.0,7,-3.0,False
2016,9,SF,NO,-0.2319428169564387,1.0,7,-18.0,False
2016,9,GB,IND,0.0088098558303154,1.0,0,-5.0,False
2016,9,SEA,BUF,0.0383339529003295,1.0,0,6.0,True
2016,10,BAL,CLE,-0.0877230140197687,1.0,0,21.0,True
2016,10,CAR,KC,0.0271483001707516,1.0,0,-3.0,False
2016,10,JAX,HOU,-0.11996144602075,1.0,-7,-3.0,False
2016,10,NO,DEN,0.187075103628039,1.0,0,-2.0,False
2016,10,NYJ,LA,0.1415629710783827,1.0,0,-3.0,False
2016,10,PHI,ATL,-0.2430587111149745,1.0,-3,9.0,True
2016,10,TB,CHI,-0.1249326257247036,1.0,-3,26.0,True
2016,10,TEN,GB,0.0780063125774639,1.0,0,22.0,True
2016,10,WAS,MIN,0.1576734397598333,1.0,7,6.0,True
2016,10,ARI,SF,0.058735303509386,1.0,7,3.0,True
2016,10,PIT,DAL,-0.1846551587292089,1.0,0,-5.0,False
2016,10,NE,SEA,0.1910461850290871,1.0,8,-7.0,False
2016,10,NYG,CIN,-0.0747135335625678,1.0,-7,1.0,True
2016,11,CAR,NO,-0.1542687085734228,1.0,0,3.0,True
2016,11,CIN,BUF,-0.0330141101221512,1.0,-7,-4.0,False
2016,11,CLE,PIT,-0.1781044030259106,1.0,3,-15.0,False
2016,11,DAL,BAL,0.4210318010036588,1.0,-3,10.0,True
2016,11,DET,JAX,0.2055622154264288,1.0,7,7.0,True
2016,11,IND,TEN,-0.1177853000103903,1.0,7,7.0,True
2016,11,KC,TB,-0.0322989294084978,1.0,0,-2.0,False
2016,11,MIN,ARI,0.0344173136762941,1.0,0,6.0,True
2016,11,NYG,CHI,-0.0730879419751955,1.0,-1,6.0,True
2016,11,LA,MIA,-0.1049975545992232,1.0,0,-4.0,False
2016,11,SEA,PHI,0.0997564473892515,1.0,0,11.0,True
2016,11,SF,NE,-0.3113584461113825,1.0,0,-13.0,False
2016,11,WAS,GB,0.1978633021401188,1.0,0,18.0,True
2016,12,DET,MIN,0.0581088064666375,1.0,0,3.0,True
2016,12,DAL,WAS,0.08997073403443,1.0,0,5.0,True
2016,12,IND,PIT,-0.0296436822702915,1.0,0,-21.0,False
2016,12,ATL,ARI,0.2983367858142177,1.0,7,19.0,True
2016,12,BAL,CIN,-0.1471324947974912,1.0,0,5.0,True
2016,12,BUF,JAX,0.2355233044179125,1.0,0,7.0,True
2016,12,CHI,TEN,-0.0812025906293895,1.0,0,-6.0,False
2016,12,CLE,NYG,-0.1622142434680229,1.0,0,-14.0,False
2016,12,MIA,SF,0.0433853665209701,1.0,0,7.0,True
2016,12,NO,LA,0.3211285363227806,1.0,3,28.0,True
2016,12,TB,SEA,-0.1527839905234384,1.0,0,9.0,True
2016,12,NYJ,NE,-0.2543927149467691,1.0,7,-5.0,False
2016,12,DEN,KC,-0.0433714637281914,1.0,7,-3.0,False
2016,12,PHI,GB,-0.0149938008083767,1.0,0,-14.0,False
2016,13,MIN,DAL,-0.3320137138598331,1.0,0,-2.0,False
2016,13,ATL,KC,0.228008963229399,1.0,0,-1.0,False
2016,13,BAL,MIA,-0.0905804679154761,1.0,0,32.0,True
2016,13,CHI,SF,0.0769723988793801,1.0,0,20.0,True
2016,13,CIN,PHI,0.0175405110888408,1.0,1,18.0,True
2016,13,GB,HOU,0.0997269820900419,1.0,-1,8.0,True
2016,13,JAX,DEN,-0.1129671794768234,1.0,0,-10.0,False
2016,13,NE,LA,0.3662326356824191,1.0,0,16.0,True
2016,13,NO,DET,0.1661785828782995,1.0,-3,-15.0,False
2016,13,ARI,WAS,-0.2337068825050651,1.0,-3,8.0,True
2016,13,PIT,NYG,0.1050272561628597,1.0,3,10.0,True
2016,13,SEA,CAR,0.091628032403001,1.0,0,33.0,True
2016,13,NYJ,IND,0.0197865436383014,1.0,-3,-31.0,False
2016,14,BUF,PIT,-0.0137596949705596,1.0,0,-7.0,False
2016,14,CLE,CIN,-0.2030937049530998,1.0,7,-13.0,False
2016,14,DET,CHI,0.0192430449359936,1.0,0,3.0,True
2016,14,IND,HOU,0.1216824452806822,1.0,-1,-5.0,False
2016,14,JAX,MIN,-0.1018718840420617,1.0,-3,-9.0,False
2016,14,MIA,ARI,0.0313871598962747,1.0,0,3.0,True
2016,14,PHI,WAS,-0.2013002006712021,1.0,0,-5.0,False
2016,14,TEN,DEN,0.1830739957566546,1.0,7,3.0,True
2016,14,SF,NYJ,-0.0786034890506253,1.0,1,-6.0,False
2016,14,GB,SEA,-0.0239015401763732,1.0,0,28.0,True
2016,14,LA,ATL,-0.3920746349397001,1.0,0,-28.0,False
2016,14,TB,NO,-0.134693343826261,1.0,0,5.0,True
2016,14,NYG,DAL,-0.3236949444079008,1.0,-3,3.0,True
2016,14,NE,BAL,0.3177177032444027,1.0,0,7.0,True
2016,15,SEA,LA,0.2378004038437144,1.0,0,21.0,True
2016,15,NYJ,MIA,-0.0015988985002366,1.0,0,-21.0,False
2016,15,BAL,PHI,-0.0447764276109935,1.0,-1,1.0,True
2016,15,BUF,CLE,0.2142766723044132,1.0,0,20.0,True
2016,15,CHI,GB,-0.0459573999149856,1.0,0,-3.0,False
2016,15,CIN,PIT,-0.0762798581735082,1.0,0,-4.0,False
2016,15,HOU,JAX,0.0412230437308233,1.0,0,1.0,True
2016,15,KC,TEN,-0.1276068170554559,1.0,3,-2.0,False
2016,15,MIN,IND,-0.0623836385233607,1.0,0,-28.0,False
2016,15,NYG,DET,-0.0961997710395674,1.0,0,11.0,True
2016,15,ARI,NO,-0.1987603633371218,1.0,0,-7.0,False
2016,15,ATL,SF,0.2951148154264492,1.0,0,28.0,True
2016,15,DEN,NE,-0.2694588194679092,1.0,1,-13.0,False
2016,15,DAL,TB,0.2069664642784136,1.0,0,6.0,True
2016,15,WAS,CAR,0.2054873109655355,1.0,0,-11.0,False
2016,16,PHI,NYG,0.0167382561864696,1.0,0,5.0,True
2016,16,BUF,MIA,0.0635308026718704,1.0,-1,-3.0,False
2016,16,CAR,ATL,-0.254884605826279,1.0,-1,-17.0,False
2016,16,CHI,WAS,-0.1391961284154411,1.0,1,-20.0,False
2016,16,GB,MIN,0.1411278081476413,1.0,0,13.0,True
2016,16,JAX,TEN,-0.2860494291348778,1.0,0,21.0,True
2016,16,NE,NYJ,0.2701505285576542,1.0,-1,38.0,True
2016,16,LA,SF,-0.13385151524961,1.0,3,-1.0,False
2016,16,NO,TB,0.1692518529637697,1.0,0,7.0,True
2016,16,SEA,ARI,0.1171999589759939,1.0,3,-3.0,False
2016,16,HOU,CIN,-0.091883065955738,1.0,0,2.0,True
2016,16,PIT,BAL,0.1833379251669195,1.0,0,4.0,True
2016,16,KC,DEN,0.0788894187402701,1.0,0,23.0,True
2016,16,DAL,DET,0.2053128232175907,1.0,0,21.0,True
2016,17,CIN,BAL,0.0568813103563106,1.0,1,17.0,True
2016,17,IND,JAX,0.1700604944993597,1.0,0,4.0,True
2016,17,MIA,NE,-0.2264587459117823,1.0,0,-21.0,False
2016,17,MIN,CHI,-0.0415627587398242,1.0,0,28.0,True
2016,17,NYJ,BUF,-0.1423493100856991,1.0,0,20.0,True
2016,17,PHI,DAL,-0.278955741829924,1.0,4,14.0,True
2016,17,PIT,CLE,0.3144380315739639,1.0,-1,3.0,True
2016,17,TB,CAR,0.0184849775643548,1.0,0,1.0,True
2016,17,TEN,HOU,0.2136556766653265,1.0,0,7.0,True
2016,17,ATL,NO,0.0749578605917362,1.0,0,6.0,True
2016,17,LA,ARI,-0.1930791801728185,1.0,0,-38.0,False
2016,17,SF,SEA,-0.1285121179338967,1.0,0,-2.0,False
2016,17,WAS,NYG,0.2454462915741839,1.0,-2,-9.0,False
2016,17,DET,GB,-0.0847933598874292,1.0,-2,-7.0,False
2017,4,GB,CHI,-0.0960488130531075,1.0,0,21.0,True
2017,4,ATL,BUF,0.1570998579842324,1.0,0,-6.0,False
2017,4,BAL,PIT,-0.0973327669864917,1.0,0,-17.0,False
2017,4,CLE,CIN,-0.0877549119816242,1.0,0,-24.0,False
2017,4,DAL,LA,-0.0796086905933473,1.0,-4,-5.0,False
2017,4,HOU,TEN,-0.1803457421732192,1.0,0,43.0,True
2017,4,MIN,DET,0.2290984605111275,1.0,0,-7.0,False
2017,4,NE,CAR,0.2191954605203417,1.0,0,-3.0,False
2017,4,NYJ,JAX,-0.1455306315663854,1.0,0,3.0,True
2017,4,ARI,SF,-0.0738384988596017,1.0,-4,3.0,True
2017,4,LAC,PHI,-0.1356544724033327,1.0,0,-2.0,False
2017,4,TB,NYG,-0.034359705990671,1.0,0,2.0,True
2017,4,SEA,IND,0.1514351200844528,1.0,0,28.0,True
2017,4,MIA,NO,-0.3323185085380957,0.0,0,-20.0,False
2017,4,KC,WAS,0.1007705312726269,1.0,0,9.0,True
2017,5,TB,NE,-0.0595390781732231,1.0,0,-5.0,False
2017,5,CIN,BUF,0.0047325689870956,1.0,0,4.0,True
2017,5,CLE,NYJ,-0.227821762344883,1.0,0,-3.0,False
2017,5,DET,CAR,0.0618306942848576,1.0,0,-3.0,False
2017,5,IND,SF,-0.0750829971276297,1.0,0,3.0,True
2017,5,MIA,TEN,-0.3832376100287731,1.0,0,6.0,True
2017,5,NYG,LAC,0.0282174713817403,1.0,0,-5.0,False
2017,5,PHI,ARI,0.1384836873974682,1.0,0,27.0,True
2017,5,PIT,JAX,-0.0111227384232647,1.0,0,-21.0,False
2017,5,LA,SEA,0.0925421229387656,1.0,0,-6.0,False
2017,5,DAL,GB,0.2016646268896008,1.0,-3,-4.0,False
2017,5,HOU,KC,-0.09592522621257,1.0,1,-8.0,False
2017,5,CHI,MIN,-0.3358736788837839,1.0,3,-3.0,False
2017,6,CAR,PHI,-0.004969957348464,1.0,0,-5.0,False
2017,6,ATL,MIA,0.4633684564328335,1.0,7,-3.0,False
2017,6,BAL,CHI,0.081274657912664,1.0,1,-3.0,False
2017,6,HOU,CLE,0.3264447148603266,1.0,0,16.0,True
2017,6,MIN,GB,0.0801812688594663,1.0,-1,13.0,True
2017,6,NO,DET,0.0540911065437476,1.0,7,14.0,True
2017,6,NYJ,NE,-0.0299270996968636,1.0,-3,-7.0,False
2017,6,WAS,SF,0.2366370506811952,1.0,6,2.0,True
2017,6,ARI,TB,-0.1897988757534933,1.0,-3,5.0,True
2017,6,JAX,LA,-0.0400530805949218,1.0,0,-10.0,False
2017,6,KC,PIT,0.208895496711122,1.0,0,-6.0,False
2017,6,DEN,NYG,0.1195175191962859,1.0,7,-13.0,False
2017,6,TEN,IND,0.1611511657738388,1.0,0,14.0,True
2017,7,BUF,TB,-0.0272207839573165,1.0,7,3.0,True
2017,7,CHI,CAR,-0.0671862789910232,1.0,-3,14.0,True
2017,7,CLE,TEN,-0.2874300170253016,1.0,1,-3.0,False
2017,7,GB,NO,-0.0703430242551203,1.0,0,-9.0,False
2017,7,IND,JAX,-0.1314402415512893,1.0,-1,-27.0,False
2017,7,LA,ARI,0.1441839998580096,0.0,0,33.0,True
2017,7,MIA,NYJ,-0.164526352224376,1.0,0,3.0,True
2017,7,MIN,BAL,0.179661345108797,1.0,0,8.0,True
2017,7,SF,DAL,-0.2687025860720337,1.0,-7,-30.0,False
2017,7,LAC,DEN,0.0370882859811727,1.0,0,21.0,True
2017,7,NYG,SEA,0.0291959383751214,1.0,-7,-17.0,False
2017,7,PIT,CIN,0.0036723773491869,1.0,-7,15.0,True
2017,7,NE,ATL,-0.1185719083777369,1.0,0,16.0,True
2017,7,PHI,WAS,-0.046034120123136,1.0,3,10.0,True
2017,8,BAL,MIA,0.060416247131125,1.0,0,40.0,True
2017,8,CIN,IND,0.0763931572480869,1.0,0,1.0,True
2017,8,NE,LAC,0.1517041738384668,1.0,0,8.0,True
2017,8,NO,CHI,0.2256913390163526,1.0,0,8.0,True
2017,8,NYJ,ATL,-0.1741983488940178,1.0,0,-5.0,False
2017,8,PHI,SF,0.2252429292365728,1.0,-1,23.0,True
2017,8,TB,CAR,0.1747672899370675,1.0,0,-14.0,False
2017,8,SEA,HOU,-0.1526252866468273,1.0,-7,3.0,True
2017,8,WAS,DAL,-0.0973946195196332,1.0,-1,-14.0,False
2017,8,DET,PIT,-0.1070267230100597,1.0,7,-5.0,False
2017,8,CLE,MIN,-0.4191576587652094,0.0,0,-17.0,False
2017,8,KC,DEN,0.3104300227571869,1.0,3,10.0,True
2017,9,NYJ,BUF,0.0150989267920341,1.0,0,13.0,True
2017,9,CAR,ATL,-0.196279674662366,1.0,0,3.0,True
2017,9,HOU,IND,0.1902758780541055,1.0,0,-6.0,False
2017,9,JAX,CIN,0.0744661202584407,1.0,7,16.0,True
2017,9,NO,TB,0.1300764461963764,1.0,0,20.0,True
2017,9,NYG,LA,-0.1756737432189639,1.0,0,-34.0,False
2017,9,PHI,DEN,0.2134558050831493,1.0,1,28.0,True
2017,9,TEN,BAL,0.0959441817554441,1.0,4,3.0,True
2017,9,SEA,WAS,-0.054771910136447,1.0,0,-3.0,False
2017,9,SF,ARI,-0.119808072337979,1.0,-7,-10.0,False
2017,9,DAL,KC,0.0370882292998886,1.0,1,11.0,True
2017,9,GB,DET,0.015712721222108,1.0,7,-13.0,False
2017,10,ARI,SEA,-0.0685140894751247,1.0,0,-6.0,False
2017,10,BUF,NO,-0.2839444997555708,1.0,3,-37.0,False
2017,10,CHI,GB,-0.1597036700851222,1.0,8,-7.0,False
2017,10,DET,CLE,0.2915291897124368,1.0,-8,14.0,True
2017,10,IND,PIT,-0.1135910167253309,1.0,-7,-3.0,False
2017,10,JAX,LAC,0.1376628056146696,1.0,-7,3.0,True
2017,10,TB,NYJ,-0.0244766144734038,1.0,-3,5.0,True
2017,10,TEN,CIN,0.0328825636740528,1.0,0,4.0,True
2017,10,WAS,MIN,-0.0873762708493738,1.0,-7,-8.0,False
2017,10,LA,HOU,0.1263873825013713,1.0,0,26.0,True
2017,10,ATL,DAL,-0.096559329377288,1.0,0,20.0,True
2017,10,SF,NYG,-0.0906541260650088,1.0,0,10.0,True
2017,10,DEN,NE,-0.2301940658694739,1.0,-7,-25.0,False
2017,10,CAR,MIA,0.085155990469424,1.0,0,24.0,True
2017,11,PIT,TEN,0.0898698348842459,1.0,0,23.0,True
2017,11,CHI,DET,-0.1975437430293849,1.0,0,-3.0,False
2017,11,CLE,JAX,-0.2348942272549142,1.0,0,-12.0,False
2017,11,GB,BAL,0.170901807593121,1.0,-7,-23.0,False
2017,11,HOU,ARI,0.0948314957064183,1.0,-3,10.0,True
2017,11,MIA,TB,-0.1049332406232617,1.0,-1,-10.0,False
2017,11,MIN,LA,0.0098149144518282,1.0,0,17.0,True
2017,11,NO,WAS,0.1754706474641668,1.0,0,3.0,True
2017,11,NYG,KC,-0.155755068473626,1.0,-7,3.0,True
2017,11,LAC,BUF,0.0626163897645497,1.0,0,30.0,True
2017,11,DEN,CIN,-0.12571431793137,1.0,0,-3.0,False
2017,11,DAL,PHI,0.0447328622288795,1.0,-7,-28.0,False
2017,11,SEA,ATL,-0.0517142253024641,1.0,3,-3.0,False
2017,12,DET,MIN,-0.1171295742736243,1.0,0,-7.0,False
2017,12,DAL,LAC,0.1199558513707975,1.0,0,-22.0,False
2017,12,WAS,NYG,0.0770598561496502,1.0,0,10.0,True
2017,12,ATL,TB,0.1637545868518053,1.0,-1,14.0,True
2017,12,CIN,CLE,0.1943974319895502,1.0,0,14.0,True
2017,12,IND,TEN,-0.0414124834899018,1.0,4,-4.0,False
2017,12,KC,BUF,0.2509185935879494,1.0,0,-6.0,False
2017,12,NE,MIA,0.3326847275848467,1.0,0,18.0,True
2017,12,NYJ,CAR,-0.0475976058609241,1.0,1,-8.0,False
2017,12,PHI,CHI,0.237840903868532,1.0,0,28.0,True
2017,12,SF,SEA,-0.1735194223358398,1.0,8,-11.0,False
2017,12,ARI,JAX,-0.1070722577353071,1.0,0,3.0,True
2017,12,LA,NO,-0.0810483521290752,1.0,0,6.0,True
2017,12,PIT,GB,0.1003254528767298,1.0,3,3.0,True
2017,12,BAL,HOU,-0.2296243182474835,1.0,0,7.0,True
2017,13,DAL,WAS,0.0762332591570608,1.0,0,24.0,True
2017,13,ATL,MIN,-0.0529417059511242,1.0,-3,-5.0,False
2017,13,BAL,DET,-0.2207831185852203,1.0,-4,24.0,True
2017,13,BUF,NE,-0.3293216091769551,1.0,0,-20.0,False
2017,13,CHI,SF,0.0004568634518362,1.0,0,-1.0,False
2017,13,GB,TB,0.0695749623472098,1.0,0,6.0,True
2017,13,JAX,IND,0.0643919579642785,1.0,0,20.0,True
2017,13,MIA,DEN,-0.0477746249332985,1.0,0,26.0,True
2017,13,NYJ,KC,-0.1273669986690542,1.0,0,7.0,True
2017,13,TEN,HOU,-0.1082230767202588,1.0,1,11.0,True
2017,13,LAC,CLE,0.2529238835366229,1.0,3,9.0,True
2017,13,ARI,LA,-0.1558617728279391,1.0,0,-16.0,False
2017,13,NO,CAR,0.2207422812927135,1.0,0,10.0,True
2017,13,SEA,PHI,-0.1318602936111921,1.0,0,14.0,True
2017,13,CIN,PIT,-0.0663657446250921,1.0,0,-3.0,False
2017,14,ATL,NO,-0.1016139761981141,1.0,0,3.0,True
2017,14,BUF,IND,-0.0968779422674127,1.0,0,6.0,True
2017,14,CAR,MIN,-0.198203093259961,1.0,0,7.0,True
2017,14,CIN,CHI,0.1647776079495801,1.0,-1,-26.0,False
2017,14,CLE,GB,-0.2240733727674068,1.0,0,-6.0,False
2017,14,HOU,SF,0.1750261599566477,1.0,0,-10.0,False
2017,14,NYG,DAL,-0.1938456440739419,1.0,-3,-20.0,False
2017,14,TB,DET,-0.0856631246709484,1.0,0,-3.0,False
2017,14,ARI,TEN,-0.0339238766320475,1.0,0,5.0,True
2017,14,DEN,NYJ,-0.1381736153105465,1.0,0,23.0,True
2017,14,LAC,WAS,0.0579000334551923,1.0,-3,17.0,True
2017,14,JAX,SEA,-0.051064726854953,1.0,0,6.0,True
2017,14,LA,PHI,-0.0712196887641379,1.0,0,-8.0,False
2017,14,PIT,BAL,0.2151113936785421,1.0,-1,1.0,True
2017,14,MIA,NE,-0.3497572034409479,1.0,0,7.0,True
2017,15,IND,DEN,0.0578351796912395,1.0,0,-12.0,False
2017,15,DET,CHI,0.1180831385628246,1.0,0,10.0,True
2017,15,KC,LAC,0.0264654426300758,1.0,0,17.0,True
2017,15,BUF,MIA,-0.0401204847205151,1.0,1,8.0,True
2017,15,CAR,GB,-0.0386492802035191,1.0,0,7.0,True
2017,15,CLE,BAL,-0.1284923866193794,1.0,0,-17.0,False
2017,15,JAX,HOU,-0.0140562170536241,1.0,0,38.0,True
2017,15,MIN,CIN,0.1056398033740593,1.0,0,27.0,True
2017,15,NO,NYJ,0.2421825354420827,1.0,3,12.0,True
2017,15,NYG,PHI,-0.2455052165073018,1.0,0,-5.0,False
2017,15,WAS,ARI,0.0469885036915569,1.0,0,5.0,True
2017,15,SEA,LA,-0.0649566450102107,1.0,0,-35.0,False
2017,15,PIT,NE,-0.061470665884067,1.0,1,-3.0,False
2017,15,SF,TEN,-0.0722730739739106,1.0,0,2.0,True
2017,15,TB,ATL,-0.1341318465566044,1.0,-3,-3.0,False
2017,16,BAL,IND,0.0331376144256736,1.0,-3,7.0,True
2017,16,GB,MIN,-0.1572655318803901,1.0,0,-16.0,False
2017,16,CAR,TB,0.0124613307149802,1.0,1,3.0,True
2017,16,CHI,CLE,0.1224686474142908,1.0,1,17.0,True
2017,16,CIN,DET,-0.0435999986468292,1.0,-1,9.0,True
2017,16,KC,MIA,0.2444165337088349,1.0,1,16.0,True
2017,16,NE,BUF,0.2854361571902419,1.0,0,21.0,True
2017,16,NO,ATL,0.0829940045207007,1.0,1,10.0,True
2017,16,NYJ,LAC,-0.1373306185196394,1.0,-1,-7.0,False
2017,16,TEN,LA,-0.1601819127223099,1.0,0,-4.0,False
2017,16,WAS,DEN,0.1115574353976735,1.0,-3,16.0,True
2017,16,SF,JAX,-0.1589659459343797,1.0,0,11.0,True
2017,16,ARI,NYG,0.0073588166012098,1.0,0,23.0,True
2017,16,DAL,SEA,0.0608673658809121,1.0,0,-9.0,False
2017,16,HOU,PIT,-0.0525378085177282,1.0,0,-28.0,False
2017,17,DET,GB,0.0540343579292102,1.0,-1,24.0,True
2017,17,IND,HOU,-0.0828092594495999,1.0,2,9.0,True
2017,17,MIN,CHI,0.2169972725591938,1.0,1,13.0,True
2017,17,NE,NYJ,0.2629987046953025,1.0,0,20.0,True
2017,17,NYG,WAS,-0.105362836592424,1.0,0,8.0,True
2017,17,PHI,DAL,0.0678522511869589,1.0,-1,-6.0,False
2017,17,PIT,CLE,0.3256977896829631,1.0,-1,4.0,True
2017,17,ATL,CAR,0.0833327738161782,1.0,0,12.0,True
2017,17,BAL,CIN,-0.026995663765875,1.0,1,-4.0,False
2017,17,DEN,KC,-0.2526480956467108,1.0,0,-3.0,False
2017,17,LA,SF,0.2234972768711745,1.0,0,-21.0,False
2017,17,MIA,BUF,0.0222391549771876,1.0,0,-6.0,False
2017,17,SEA,ARI,0.073379536213873,1.0,0,-2.0,False
2017,17,TB,NO,-0.1915964664167417,1.0,0,7.0,True
2017,17,TEN,JAX,-0.0737729744970663,1.0,0,5.0,True
2018,4,LA,MIN,0.2290737438222081,1.0,0,7.0,True
2018,4,ATL,CIN,-0.061230137392774,1.0,0,-1.0,False
2018,4,CHI,TB,-0.1171009239612712,1.0,1,38.0,True
2018,4,DAL,DET,0.0354265802019146,1.0,0,2.0,True
2018,4,GB,BUF,0.5085246003802816,1.0,0,22.0,True
2018,4,IND,HOU,-0.0250489518039532,1.0,0,-3.0,False
2018,4,JAX,NYJ,0.1336653213816743,1.0,-3,19.0,True
2018,4,NE,MIA,-0.0763045491149969,1.0,0,31.0,True
2018,4,TEN,PHI,0.1017864567433305,1.0,0,3.0,True
2018,4,ARI,SEA,-0.2357641166270192,1.0,0,-3.0,False
2018,4,LAC,SF,0.3532999483169525,1.0,0,2.0,True
2018,4,NYG,NO,-0.2731617718611812,1.0,0,-15.0,False
2018,4,PIT,BAL,0.143743519648651,1.0,-1,-12.0,False
2018,4,DEN,KC,-0.4771587560914825,1.0,0,-4.0,False
2018,5,NE,IND,0.12380683741338,1.0,0,14.0,True
2018,5,BUF,TEN,-0.3843433398707033,1.0,0,1.0,True
2018,5,CAR,NYG,0.1822898907997165,1.0,7,2.0,True
2018,5,CIN,MIA,0.0655087529086501,1.0,0,10.0,True
2018,5,CLE,BAL,-0.2069520782158168,1.0,0,3.0,True
2018,5,DET,GB,-0.0685843236334804,1.0,0,8.0,True
2018,5,KC,JAX,0.2812221901840189,1.0,-1,16.0,True
2018,5,NYJ,DEN,-0.1818932631168751,1.0,1,18.0,True
2018,5,PIT,ATL,-0.1098581587576652,1.0,0,24.0,True
2018,5,PHI,MIN,-0.1901890784669216,1.0,-3,-2.0,False
2018,5,SEA,LA,-0.4102621215627877,1.0,-3,-2.0,False
2018,5,SF,ARI,0.015056741214268,1.0,0,-10.0,False
2018,5,HOU,DAL,0.0484886198536472,1.0,0,3.0,True
2018,5,NO,WAS,0.0018422179853236,1.0,-7,24.0,True
2018,6,NYG,PHI,0.078232604180688,1.0,0,-21.0,False
2018,6,ATL,TB,0.011420691093001,1.0,-7,5.0,True
2018,6,CIN,PIT,-0.0140702014268065,1.0,0,-7.0,False
2018,6,CLE,LAC,-0.2098092938005824,1.0,0,-24.0,False
2018,6,HOU,BUF,0.3025427241490758,1.0,0,7.0,True
2018,6,MIA,CHI,-0.1167415008924395,1.0,-7,3.0,True
2018,6,MIN,ARI,0.2691498528080777,1.0,0,10.0,True
2018,6,NYJ,IND,-0.0421186531272158,1.0,-3,8.0,True
2018,6,WAS,CAR,0.0187282194182736,1.0,-1,6.0,True
2018,6,DEN,LA,-0.3419729717396509,1.0,0,-3.0,False
2018,6,DAL,JAX,-0.1883479099082554,1.0,0,33.0,True
2018,6,TEN,BAL,-0.0661182940604261,1.0,0,-21.0,False
2018,6,NE,KC,-0.2220856076610248,1.0,3,3.0,True
2018,6,GB,SF,0.2334375784303895,1.0,0,3.0,True
2018,7,ARI,DEN,-0.2406982832315852,1.0,0,-35.0,False
2018,7,CHI,NE,0.0099744962458674,1.0,0,-7.0,False
2018,7,IND,BUF,0.300508848254634,1.0,0,32.0,True
2018,7,JAX,HOU,0.0241125726524351,1.0,0,-13.0,False
2018,7,MIA,DET,0.0264308024094288,1.0,-7,-11.0,False
2018,7,NYJ,MIN,-0.1799069651274769,1.0,0,-20.0,False
2018,7,PHI,CAR,-0.0823895023856626,1.0,3,-4.0,False
2018,7,TB,CLE,0.197698100167812,1.0,0,3.0,True
2018,7,BAL,NO,-0.0704808742994375,1.0,-6,-1.0,False
2018,7,SF,LA,-0.419030486885889,1.0,-1,-29.0,False
2018,7,WAS,DAL,0.0857317749008376,1.0,0,3.0,True
2018,7,KC,CIN,0.2259269579701139,1.0,0,35.0,True
2018,7,LAC,TEN,0.2030488633975999,0.0,0,1.0,True
2018,7,ATL,NYG,0.1895750584608005,1.0,-3,3.0,True
2018,8,HOU,MIA,-0.0165116723938902,1.0,0,19.0,True
2018,8,CAR,BAL,-0.0285174095766979,1.0,0,15.0,True
2018,8,CHI,NYJ,0.2123994933318684,1.0,0,14.0,True
2018,8,CIN,TB,-0.0707389118948441,1.0,0,3.0,True
2018,8,DET,SEA,0.1103820266338715,1.0,-7,-14.0,False
2018,8,KC,DEN,0.270030986480565,1.0,-3,7.0,True
2018,8,NYG,WAS,-0.1697770409330828,1.0,-1,-7.0,False
2018,8,PIT,CLE,0.2039113067579369,1.0,7,15.0,True
2018,8,ARI,SF,-0.0939642279455087,1.0,3,3.0,True
2018,8,LA,GB,0.2505501162527834,1.0,-6,2.0,True
2018,8,MIN,NO,-0.0737257241940107,1.0,0,-10.0,False
2018,8,JAX,PHI,-0.0033415846120258,0.0,0,-6.0,False
2018,8,BUF,NE,-0.4607442884370039,1.0,0,-19.0,False
2018,9,BAL,PIT,-0.1257614204246833,1.0,0,-7.0,False
2018,9,BUF,CHI,-0.4112989406067444,1.0,-1,-32.0,False
2018,9,CAR,TB,0.1033313167769556,1.0,0,14.0,True
2018,9,CLE,KC,-0.4829985521073005,1.0,0,-16.0,False
2018,9,MIA,NYJ,0.1992376796527419,1.0,3,7.0,True
2018,9,MIN,DET,-0.0277947574291572,1.0,0,15.0,True
2018,9,WAS,ATL,-0.0313833195453581,1.0,-6,-24.0,False
2018,9,DEN,HOU,-0.0233572693105253,1.0,-3,-2.0,False
2018,9,SEA,LAC,-0.0914157839195331,1.0,-7,-8.0,False
2018,9,NO,LA,-0.1109145665055701,1.0,0,10.0,True
2018,9,NE,GB,0.0586783107401464,1.0,-1,14.0,True
2018,9,DAL,TEN,0.0360035530195525,1.0,0,-14.0,False
2018,10,PIT,CAR,-0.0112172138113992,1.0,0,31.0,True
2018,10,CHI,DET,0.0763332931900122,1.0,0,12.0,True
2018,10,CIN,NO,-0.185492405841821,1.0,7,-37.0,False
2018,10,CLE,ATL,-0.3052127184197468,1.0,0,12.0,True
2018,10,IND,JAX,0.1133509124704007,1.0,0,3.0,True
2018,10,KC,ARI,0.5779344470027385,1.0,-7,12.0,True
2018,10,NYJ,BUF,0.1616633999836849,1.0,0,-31.0,False
2018,10,TB,WAS,-0.0864200382803682,1.0,0,-13.0,False
2018,10,TEN,NE,-0.2293127050632695,1.0,-1,24.0,True
2018,10,GB,MIA,0.0907334017893012,1.0,0,19.0,True
2018,10,LA,SEA,0.2594843978619774,1.0,0,5.0,True
2018,10,PHI,DAL,0.0102207278094463,1.0,8,-7.0,False
2018,10,SF,NYG,0.0359508666619595,1.0,-4,-4.0,False
2018,11,SEA,GB,-0.1415207713720074,1.0,0,3.0,True
2018,11,ATL,DAL,0.1147560725474499,1.0,0,-3.0,False
2018,11,BAL,CIN,-0.0097435110684439,1.0,7,3.0,True
2018,11,DET,CAR,-0.1024973402600531,1.0,-3,1.0,True
2018,11,IND,TEN,0.0778895570166782,1.0,0,28.0,True
2018,11,JAX,PIT,-0.2226531251349882,1.0,-3,-4.0,False
2018,11,NYG,TB,-0.1406780496197059,1.0,-1,3.0,True
2018,11,WAS,HOU,-0.0427243860919777,1.0,-7,-2.0,False
2018,11,LAC,DEN,0.1995136666534164,1.0,-7,-1.0,False
2018,11,NO,PHI,0.2084786454768886,1.0,0,41.0,True
2018,11,CHI,MIN,0.0951768665134843,1.0,-7,5.0,True
2018,11,LA,KC,-0.0381316136853699,1.0,0,3.0,True
2018,12,DET,CHI,-0.1434027804610351,1.0,0,-7.0,False
2018,12,DAL,WAS,0.0177704799583128,1.0,0,8.0,True
2018,12,NO,ATL,0.1241235852096324,1.0,0,14.0,True
2018,12,BUF,JAX,-0.1642147147807532,1.0,7,3.0,True
2018,12,CAR,SEA,0.1309526628638402,1.0,-3,-3.0,False
2018,12,CIN,CLE,0.1165954796989012,1.0,-7,-15.0,False
2018,12,NYJ,NE,-0.3664742528058943,1.0,0,-14.0,False
2018,12,PHI,NYG,0.1466535361928579,1.0,0,3.0,True
2018,12,TB,SF,0.0783575894627028,1.0,-6,18.0,True
2018,12,LAC,ARI,0.3905368741188482,1.0,0,35.0,True
2018,12,DEN,PIT,-0.1111155460571511,1.0,0,7.0,True
2018,12,IND,MIA,0.1126445492543617,1.0,-7,3.0,True
2018,12,MIN,GB,-0.1497546471332853,1.0,-3,7.0,True
2018,12,HOU,TEN,0.043944164690079,1.0,0,17.0,True
2018,13,DAL,NO,-0.2201795188343842,1.0,0,3.0,True
2018,13,ATL,BAL,0.1154015752219562,1.0,3,-10.0,False
2018,13,CIN,DEN,-0.0326816563705298,1.0,0,-14.0,False
2018,13,DET,LA,-0.247051855901608,1.0,-3,-14.0,False
2018,13,GB,ARI,0.3716267211166824,1.0,0,-3.0,False
2018,13,HOU,CLE,0.0998553076881905,1.0,-1,16.0,True
2018,13,JAX,IND,-0.1825316521214373,1.0,0,6.0,True
2018,13,MIA,BUF,0.165046967406772,1.0,0,4.0,True
2018,13,NYG,CHI,-0.2354494478176355,1.0,-3,3.0,True
2018,13,TB,CAR,-0.1476620924275684,1.0,0,7.0,True
2018,13,TEN,NYJ,0.1398248849561081,1.0,-1,4.0,True
2018,13,NE,MIN,0.1229772820803621,1.0,0,14.0,True
2018,13,SEA,SF,0.135119761833439,1.0,0,27.0,True
2018,13,PIT,LAC,-0.0753618561337231,1.0,0,-3.0,False
2018,13,PHI,WAS,0.0342129396083039,1.0,-3,15.0,True
2018,14,TEN,JAX,0.0534839157273757,1.0,0,21.0,True
2018,14,BUF,NYJ,0.0156991304803944,1.0,0,-4.0,False
2018,14,CLE,CAR,-0.226084141087678,1.0,0,6.0,True
2018,14,GB,ATL,0.0356934464520854,1.0,0,14.0,True
2018,14,HOU,IND,-0.0006459559770665,1.0,0,-3.0,False
2018,14,KC,BAL,0.3410823524217014,1.0,0,3.0,True
2018,14,MIA,NE,-0.2340895841113908,1.0,0,1.0,True
2018,14,TB,NO,-0.2236554296629456,1.0,-3,-14.0,False
2018,14,WAS,NYG,0.0512941087551602,1.0,-1,-24.0,False
2018,14,LAC,CIN,0.2302376064967683,1.0,0,5.0,True
2018,14,SF,DEN,-0.16068431012818,1.0,0,6.0,True
2018,14,ARI,DET,-0.2022132319822029,1.0,0,-14.0,False
2018,14,DAL,PHI,-0.0184728872135818,1.0,4,6.0,True
2018,14,CHI,LA,-0.1809304359762427,1.0,0,9.0,True
2018,14,SEA,MIN,-0.0237233865266792,1.0,0,14.0,True
2018,15,KC,LAC,0.0908422151092118,1.0,0,-1.0,False
2018,15,NYJ,HOU,-0.2323028858327117,1.0,0,-7.0,False
2018,15,DEN,CLE,0.0791492107885699,1.0,0,-1.0,False
2018,15,ATL,ARI,0.3009092437868178,1.0,0,26.0,True
2018,15,BAL,TB,0.0035321328010284,1.0,0,8.0,True
2018,15,BUF,DET,-0.139721811482701,1.0,0,1.0,True
2018,15,CHI,GB,-0.0725074433127387,1.0,0,7.0,True
2018,15,IND,DAL,0.0391977759615409,1.0,0,23.0,True
2018,15,JAX,WAS,-0.0275800119441557,1.0,3,-3.0,False
2018,15,MIN,MIA,0.0327482333736586,1.0,-1,24.0,True
2018,15,NYG,TEN,-0.0737204705417009,1.0,-3,-17.0,False
2018,15,SF,SEA,-0.1258737728503629,1.0,1,3.0,True
2018,15,PIT,NE,-0.1267166164824982,1.0,0,7.0,True
2018,15,LA,PHI,0.1660654942422139,1.0,0,-7.0,False
2018,15,CAR,NO,-0.0966376155864841,1.0,0,-3.0,False
2018,16,TEN,WAS,0.05786252560591,1.0,0,9.0,True
2018,16,LAC,BAL,0.1709725226924213,1.0,3,-12.0,False
2018,16,CAR,ATL,-0.0010344571752649,1.0,-1,-14.0,False
2018,16,CLE,CIN,-0.0240703066355678,1.0,1,8.0,True
2018,16,DAL,TB,0.0405424138083495,1.0,0,7.0,True
2018,16,DET,MIN,-0.0883322692918516,1.0,0,-18.0,False
2018,16,IND,NYG,0.2193879617409426,1.0,0,1.0,True
2018,16,MIA,JAX,0.1261612161171544,1.0,0,-10.0,False
2018,16,NE,BUF,0.3651091379094097,1.0,0,12.0,True
2018,16,NYJ,GB,-0.2757381108736802,1.0,1,-6.0,False
2018,16,PHI,HOU,0.0288925225076588,1.0,-1,2.0,True
2018,16,ARI,LA,-0.4836427405671992,1.0,0,-22.0,False
2018,16,SF,CHI,-0.1365326516664133,1.0,0,-5.0,False
2018,16,NO,PIT,0.0781067728502421,1.0,-1,3.0,True
2018,16,SEA,KC,-0.2433115503640028,1.0,-3,7.0,True
2018,17,BUF,MIA,-0.1487265095501297,1.0,0,25.0,True
2018,17,GB,DET,0.1253499700490904,1.0,0,-31.0,False
2018,17,HOU,JAX,0.1949353194448034,1.0,0,17.0,True
2018,17,NE,NYJ,0.3461877987284464,1.0,0,35.0,True
2018,17,NO,CAR,0.1196776426314717,1.0,0,-19.0,False
2018,17,NYG,DAL,-0.1194798932558686,1.0,0,-1.0,False
2018,17,TB,ATL,-0.0934265007096997,1.0,0,-2.0,False
2018,17,BAL,CLE,0.0583604518833005,1.0,1,2.0,True
2018,17,DEN,LAC,-0.1571634264321017,1.0,-2,-14.0,False
2018,17,LA,SF,0.2868751815522906,1.0,0,16.0,True
2018,17,MIN,CHI,0.0378308416718465,1.0,0,-14.0,False
2018,17,PIT,CIN,0.1658358483679586,1.0,0,3.0,True
2018,17,SEA,ARI,0.3322400102591112,1.0,0,3.0,True
2018,17,WAS,PHI,-0.1433624442929788,1.0,1,-24.0,False
2018,17,TEN,IND,-0.0974917598386495,1.0,1,-16.0,False
2019,4,GB,PHI,0.1052990005562414,1.0,0,-7.0,False
2019,4,ATL,TEN,0.0804866045798999,1.0,-3,-14.0,False
2019,4,BAL,CLE,0.0570106817063367,1.0,0,-15.0,False
2019,4,BUF,NE,-0.3411647789284911,1.0,0,-6.0,False
2019,4,DET,KC,-0.3250383920545253,1.0,0,-4.0,False
2019,4,HOU,CAR,-0.1277366765102083,1.0,0,-6.0,False
2019,4,MIA,LAC,-0.3405283338376563,1.0,0,-20.0,False
2019,4,NYG,WAS,0.1971921925248703,1.0,1,21.0,True
2019,4,ARI,SEA,-0.1763488103127919,1.0,0,-17.0,False
2019,4,LA,TB,0.1333563678771481,1.0,0,-15.0,False
2019,4,CHI,MIN,-0.2550144378543289,1.0,-1,10.0,True
2019,4,DEN,JAX,-0.0216879537513505,1.0,-3,-2.0,False
2019,4,NO,DAL,-0.1310087796923345,1.0,0,2.0,True
2019,4,PIT,CIN,0.1013078921113001,1.0,0,24.0,True
2019,5,SEA,LA,-0.0824542047976562,1.0,0,1.0,True
2019,5,CAR,JAX,0.0546122539878533,1.0,0,7.0,True
2019,5,CIN,ARI,0.141371890985417,1.0,-1,-3.0,False
2019,5,HOU,ATL,0.0378171178127495,1.0,0,21.0,True
2019,5,NO,TB,-0.0535252355653734,1.0,0,7.0,True
2019,5,NYG,MIN,0.0165493756412288,1.0,0,-18.0,False
2019,5,PHI,NYJ,0.1603205851466388,1.0,-4,25.0,True
2019,5,PIT,BAL,-0.0026254404736031,1.0,-1,-3.0,False
2019,5,TEN,BUF,-0.0087637817723964,1.0,0,-7.0,False
2019,5,WAS,NE,-0.4085073050112287,1.0,0,-26.0,False
2019,5,LAC,DEN,-0.0408946662491248,1.0,0,-7.0,False
2019,5,DAL,GB,0.1527928648967197,1.0,-3,-10.0,False
2019,5,KC,IND,0.2972946515518601,1.0,0,-6.0,False
2019,5,SF,CLE,0.0625844451060902,1.0,7,28.0,True
2019,6,NE,NYG,0.1347061759479739,1.0,0,21.0,True
2019,6,TB,CAR,-0.0258153069058854,0.0,0,-11.0,False
2019,6,BAL,CIN,0.0664476222789612,1.0,0,6.0,True
2019,6,CLE,SEA,-0.0233671471188245,1.0,-4,-4.0,False
2019,6,JAX,NO,-0.0576472254583853,1.0,0,-7.0,False
2019,6,KC,HOU,0.1863880799851606,1.0,0,-7.0,False
2019,6,MIA,WAS,-0.0994560489770023,1.0,7,-1.0,False
2019,6,MIN,PHI,0.0074913456165731,1.0,0,18.0,True
2019,6,ARI,ATL,-0.0840728036149252,1.0,0,1.0,True
2019,6,LA,SF,-0.1380271916384172,1.0,4,-13.0,False
2019,6,DEN,TEN,0.1220915112546231,1.0,0,16.0,True
2019,6,NYJ,DAL,-0.3858176252076735,1.0,0,2.0,True
2019,6,LAC,PIT,-0.1128636064441692,1.0,0,-7.0,False
2019,6,GB,DET,-0.0289482060988481,1.0,-7,1.0,True
2019,7,DEN,KC,-0.1490987345315955,1.0,0,-24.0,False
2019,7,ATL,LA,-0.0623167976416703,1.0,0,-27.0,False
2019,7,BUF,MIA,0.4166629491105253,1.0,7,10.0,True
2019,7,CIN,JAX,-0.1693240176357931,1.0,0,-10.0,False
2019,7,DET,MIN,0.0437066378349656,1.0,-1,-12.0,False
2019,7,IND,HOU,-0.0814269092308729,1.0,7,7.0,True
2019,7,NYG,ARI,0.0887448709188586,1.0,3,-6.0,False
2019,7,WAS,SF,-0.2727500761764566,1.0,0,-9.0,False
2019,7,TEN,LAC,-0.0977280402180039,1.0,0,3.0,True
2019,7,CHI,NO,-0.0803324979871018,1.0,7,-11.0,False
2019,7,SEA,BAL,0.0577758743721995,1.0,0,-14.0,False
2019,7,DAL,PHI,0.0690563503481345,1.0,0,27.0,True
2019,7,NYJ,NE,-0.2546644631166159,1.0,-3,-33.0,False
2019,8,MIN,WAS,0.2005004389716991,1.0,0,10.0,True
2019,8,ATL,SEA,-0.1300284582031103,1.0,0,-7.0,False
2019,8,BUF,PHI,0.002099120144271,1.0,0,-18.0,False
2019,8,CHI,LAC,0.0356886278439714,1.0,0,-1.0,False
2019,8,DET,NYG,0.2698327452457789,1.0,0,5.0,True
2019,8,IND,DEN,-0.0410755786829193,1.0,-3,2.0,True
2019,8,JAX,NYJ,0.2361630647191068,1.0,1,14.0,True
2019,8,LA,CIN,0.1882193521148978,0.0,0,14.0,True
2019,8,NO,ARI,0.298415020626302,1.0,0,22.0,True
2019,8,TEN,TB,-0.1153052389681476,1.0,-7,4.0,True
2019,8,SF,CAR,0.0047722642724211,1.0,-7,38.0,True
2019,8,NE,CLE,0.16108794893337,1.0,-8,14.0,True
2019,8,KC,GB,0.0439046038786609,1.0,3,-7.0,False
2019,8,PIT,MIA,0.3904348889553923,1.0,7,13.0,True
2019,9,ARI,SF,-0.2349602759340477,1.0,0,-3.0,False
2019,9,JAX,HOU,-0.0020491445982224,0.0,0,-23.0,False
2019,9,BUF,WAS,0.1042988730340008,1.0,-3,15.0,True
2019,9,CAR,TEN,0.1045767233856546,1.0,0,10.0,True
2019,9,KC,MIN,0.0530157373823678,1.0,-3,3.0,True
2019,9,MIA,NYJ,-0.057153979119311,1.0,-1,8.0,True
2019,9,PHI,CHI,0.0926177687138998,1.0,0,8.0,True
2019,9,PIT,IND,0.094547765917075,1.0,-1,2.0,True
2019,9,SEA,TB,0.0870365425671041,1.0,0,6.0,True
2019,9,DEN,CLE,-0.0330223219663585,1.0,0,5.0,True
2019,9,LAC,GB,-0.1673796480137155,1.0,0,15.0,True
2019,9,BAL,NE,-0.0647149724876673,1.0,7,17.0,True
2019,9,NYG,DAL,-0.2335088833108077,1.0,-7,-19.0,False
2019,10,CHI,DET,-0.1956390678133262,1.0,0,7.0,True
2019,10,CIN,BAL,-0.2860399782272474,1.0,7,-36.0,False
2019,10,CLE,BUF,0.0200839258764805,1.0,0,3.0,True
2019,10,NO,ATL,0.2203898905756315,1.0,0,-17.0,False
2019,10,NYJ,NYG,-0.1202088382990893,1.0,1,7.0,True
2019,10,TB,ARI,0.0685201337555962,1.0,-3,3.0,True
2019,10,TEN,KC,-0.2445333347572264,1.0,0,3.0,True
2019,10,IND,MIA,0.2216531714581822,1.0,0,-4.0,False
2019,10,GB,CAR,0.0486066449070018,1.0,0,8.0,True
2019,10,PIT,LA,-0.0591370906024156,1.0,-7,5.0,True
2019,10,DAL,MIN,0.0778283892529455,1.0,-1,-4.0,False
2019,10,SF,SEA,0.0313686902220449,1.0,3,-3.0,False
2019,11,CLE,PIT,0.0367026327921074,1.0,0,14.0,True
2019,11,BAL,HOU,0.0622858790500042,1.0,-7,34.0,True
2019,11,CAR,ATL,0.0774465146384489,1.0,0,-26.0,False
2019,11,DET,DAL,-0.1033420693655361,1.0,0,-8.0,False
2019,11,IND,JAX,-0.079453660351859,1.0,-7,20.0,True
2019,11,MIA,BUF,-0.1861646538634592,1.0,0,-17.0,False
2019,11,MIN,DEN,0.0843774715842007,1.0,-7,4.0,True
2019,11,TB,NO,-0.1932095933614084,1.0,0,-17.0,False
2019,11,WAS,NYJ,0.1229535149584188,1.0,7,-17.0,False
2019,11,SF,ARI,0.1562578667968537,1.0,-1,10.0,True
2019,11,PHI,NE,-0.092710017004653,1.0,0,-7.0,False
2019,11,LA,CHI,0.0931277950160087,1.0,0,10.0,True
2019,11,LAC,KC,-0.2269690677584085,0.0,3,-7.0,False
2019,12,HOU,IND,0.1271892482613238,1.0,0,3.0,True
2019,12,ATL,TB,0.0496247413744782,1.0,0,-13.0,False
2019,12,BUF,DEN,-0.0163200970516666,1.0,0,17.0,True
2019,12,CHI,NYG,0.0553577505876672,1.0,-7,5.0,True
2019,12,CIN,PIT,-0.1093891094183135,1.0,-3,-6.0,False
2019,12,CLE,MIA,0.2598853990328556,1.0,3,17.0,True
2019,12,NO,CAR,0.1808723566702617,1.0,0,3.0,True
2019,12,PHI,SEA,-0.0512521018919533,1.0,-6,-8.0,False
2019,12,WAS,DET,-0.2265001462076564,1.0,0,3.0,True
2019,12,TEN,JAX,-0.0225856731373262,1.0,7,22.0,True
2019,12,NE,DAL,-0.0829777653059327,1.0,0,4.0,True
2019,12,SF,GB,-0.0263157871489517,1.0,-7,29.0,True
2019,12,LA,BAL,-0.1805625805162575,1.0,0,-39.0,False
2019,13,DET,CHI,0.1443323570473291,1.0,0,-4.0,False
2019,13,DAL,BUF,0.1619505881281156,1.0,0,-11.0,False
2019,13,ATL,NO,-0.2259323393088793,1.0,0,-8.0,False
2019,13,BAL,SF,0.1670013229505965,1.0,-1,3.0,True
2019,13,CAR,WAS,0.1664866874137402,1.0,0,-8.0,False
2019,13,CIN,NYJ,-0.0371537870975498,1.0,0,16.0,True
2019,13,IND,TEN,-0.0569491824371671,1.0,3,-14.0,False
2019,13,JAX,TB,0.0287836529367583,1.0,0,-17.0,False
2019,13,MIA,PHI,-0.2735948876730885,1.0,0,6.0,True
2019,13,NYG,GB,-0.1852817969382389,1.0,0,-18.0,False
2019,13,PIT,CLE,-0.1372414670507325,1.0,0,7.0,True
2019,13,ARI,LA,-0.0423764513358237,1.0,8,-27.0,False
2019,13,DEN,LAC,0.0685084261538524,1.0,-6,3.0,True
2019,13,HOU,NE,-0.0165373633069839,1.0,3,6.0,True
2019,13,SEA,MIN,-0.0051885134557574,1.0,-7,7.0,True
2019,14,CHI,DAL,-0.2516606697852894,1.0,0,7.0,True
2019,14,ATL,CAR,-0.0438642808937667,1.0,3,20.0,True
2019,14,BUF,BAL,-0.1918044510371742,1.0,3,-7.0,False
2019,14,CLE,CIN,0.165731246443388,1.0,0,8.0,True
2019,14,GB,WAS,0.2318164568563228,1.0,0,5.0,True
2019,14,HOU,DEN,0.1404713981594163,1.0,0,-14.0,False
2019,14,MIN,DET,0.0624623773370757,1.0,-4,13.0,True
2019,14,NO,SF,0.0785159338716688,1.0,3,-2.0,False
2019,14,NYJ,MIA,0.0503532357253533,1.0,0,1.0,True
2019,14,TB,IND,0.0208788759683343,1.0,0,3.0,True
2019,14,JAX,LAC,0.0215651779405591,1.0,0,-35.0,False
2019,14,ARI,PIT,0.027254862164961,1.0,0,-6.0,False
2019,14,NE,KC,-0.1436610461007568,1.0,0,-7.0,False
2019,14,LA,SEA,-0.0527904808321705,1.0,1,16.0,True
2019,14,PHI,NYG,0.1689087212547038,1.0,0,6.0,True
2019,15,BAL,NYJ,0.3988328052015806,1.0,0,21.0,True
2019,15,CAR,SEA,-0.1673876636295148,1.0,0,-6.0,False
2019,15,CIN,NE,-0.1590798026159952,1.0,0,-21.0,False
2019,15,DET,TB,0.0344426223281469,1.0,0,-21.0,False
2019,15,GB,CHI,0.0953935884022614,1.0,-3,8.0,True
2019,15,KC,DEN,0.2059688944391024,1.0,0,20.0,True
2019,15,NYG,MIA,0.0393739108643761,1.0,-1,16.0,True
2019,15,TEN,HOU,-0.0257913567846112,1.0,0,-3.0,False
2019,15,WAS,PHI,-0.2047436482605577,1.0,1,-10.0,False
2019,15,ARI,CLE,-0.0719701398962166,1.0,0,14.0,True
2019,15,LAC,MIN,-0.1191821143083307,1.0,0,-29.0,False
2019,15,DAL,LA,0.1122855446253492,1.0,3,23.0,True
2019,15,SF,ATL,0.1477780725005947,1.0,0,-7.0,False
2019,15,PIT,BUF,-0.0862833788389434,1.0,0,-7.0,False
2019,15,NO,IND,0.2287242784946877,1.0,0,27.0,True
2019,16,TB,HOU,-0.1079568817112334,1.0,0,-3.0,False
2019,16,NE,BUF,0.0165652613554984,1.0,0,7.0,True
2019,16,SF,LA,0.0470652696402835,1.0,0,3.0,True
2019,16,ATL,JAX,0.0615458262253256,1.0,0,12.0,True
2019,16,CLE,BAL,-0.2516450616732831,1.0,-3,-16.0,False
2019,16,IND,CAR,0.0173768162956537,1.0,-1,32.0,True
2019,16,MIA,CIN,-0.0702070830408608,1.0,0,3.0,True
2019,16,NYJ,PIT,-0.0295300620877743,1.0,3,6.0,True
2019,16,TEN,NO,-0.1593401856707594,1.0,1,-10.0,False
2019,16,WAS,NYG,-0.0173569294804389,1.0,0,-6.0,False
2019,16,DEN,DET,-0.0001247385253767,1.0,0,10.0,True
2019,16,PHI,DAL,-0.186465932302681,1.0,0,8.0,True
2019,16,SEA,ARI,0.1200082389420746,1.0,0,-14.0,False
2019,16,CHI,KC,-0.2785898705197234,1.0,0,-23.0,False
2019,16,MIN,GB,-0.0150052954100824,1.0,0,-13.0,False
2019,17,BUF,NYJ,0.1226242451752528,1.0,0,-7.0,False
2019,17,CAR,NO,-0.2856815203136154,1.0,0,-32.0,False
2019,17,CIN,CLE,-0.11874946705104,1.0,0,10.0,True
2019,17,DET,GB,-0.1105180925726016,1.0,1,-3.0,False
2019,17,KC,LAC,0.2647693217665836,1.0,0,10.0,True
2019,17,MIN,CHI,0.1201881227084786,1.0,-1,-2.0,False
2019,17,NE,MIA,0.2149788368698039,1.0,0,-3.0,False
2019,17,TB,ATL,-0.0337235939113535,1.0,0,-6.0,False
2019,17,BAL,PIT,0.4037689118116057,1.0,0,18.0,True
2019,17,DAL,WAS,0.3243705170118831,1.0,0,31.0,True
2019,17,HOU,TEN,0.0172486680808694,1.0,0,-21.0,False
2019,17,JAX,IND,-0.065101069340586,1.0,0,18.0,True
2019,17,LA,ARI,0.0508988419046684,1.0,0,7.0,True
2019,17,NYG,PHI,-0.1005734570319396,1.0,0,-17.0,False
2019,17,SEA,SF,-0.0135801846448243,1.0,0,-5.0,False
2020,4,NYJ,DEN,0.0589189971350382,1.0,0,-9.0,False
2020,4,CAR,ARI,0.1263142247631702,1.0,0,10.0,True
2020,4,CIN,JAX,-0.1241213574693414,1.0,-3,8.0,True
2020,4,DAL,CLE,-0.2285163622559474,1.0,0,-11.0,False
2020,4,DET,NO,-0.1009991096091488,1.0,0,-6.0,False
2020,4,HOU,MIN,0.0304064969289697,1.0,0,-8.0,False
2020,4,MIA,SEA,-0.1734195697795131,1.0,3,-8.0,False
2020,4,TB,LAC,-0.0118907740918385,1.0,0,7.0,True
2020,4,WAS,BAL,-0.2619113533753962,1.0,1,-14.0,False
2020,4,LA,NYG,0.2745501352039737,1.0,0,8.0,True
2020,4,CHI,IND,0.0050455485082964,1.0,0,-8.0,False
2020,4,LV,BUF,-0.0470477674560331,1.0,0,-7.0,False
2020,4,SF,PHI,0.2615628057331179,1.0,0,-5.0,False
2020,4,KC,NE,0.2602120938325257,1.0,-1,16.0,True
2020,4,GB,ATL,0.2069471463054648,1.0,0,14.0,True
2020,5,CHI,TB,-0.1248134781271539,1.0,0,1.0,True
2020,5,ATL,CAR,-0.1323147539749464,1.0,-1,-7.0,False
2020,5,BAL,CIN,0.1740055325509013,1.0,0,24.0,True
2020,5,HOU,JAX,-0.0777570446975691,1.0,0,16.0,True
2020,5,KC,LV,0.0933518685785307,1.0,-1,-8.0,False
2020,5,NYJ,ARI,-0.0237144432877028,1.0,3,-20.0,False
2020,5,PIT,PHI,0.2094149173739534,1.0,7,9.0,True
2020,5,WAS,LA,-0.2625001531055435,1.0,0,-20.0,False
2020,5,SF,MIA,0.1173801735462909,1.0,0,-26.0,False
2020,5,CLE,IND,0.2841822900184995,1.0,0,9.0,True
2020,5,DAL,NYG,0.1811896803597937,1.0,0,3.0,True
2020,5,SEA,MIN,0.1077797016351021,1.0,0,1.0,True
2020,5,NO,LAC,0.0979697052788827,1.0,0,3.0,True
2020,5,TEN,BUF,-0.145838994258713,1.0,7,26.0,True
2020,6,CAR,CHI,0.1930969337865622,1.0,-3,-7.0,False
2020,6,IND,CIN,0.0409260712255802,1.0,0,4.0,True
2020,6,JAX,DET,-0.0243777004887245,1.0,-7,-18.0,False
2020,6,MIN,ATL,-0.0116341484303148,1.0,0,-17.0,False
2020,6,NE,DEN,0.1446100111320599,1.0,-4,-6.0,False
2020,6,NYG,WAS,0.0969455391354278,1.0,0,1.0,True
2020,6,PHI,BAL,-0.2401491378665473,1.0,0,-2.0,False
2020,6,PIT,CLE,-0.2086147411625171,1.0,0,31.0,True
2020,6,TEN,HOU,0.0937609726499373,1.0,-2,6.0,True
2020,6,MIA,NYJ,0.1404343230420885,1.0,0,24.0,True
2020,6,TB,GB,-0.229428157182663,1.0,-3,28.0,True
2020,6,SF,LA,-0.0785735536726056,1.0,0,8.0,True
2020,6,BUF,KC,-0.0669334923153796,1.0,-2,-9.0,False
2020,6,DAL,ARI,0.1501530265475409,1.0,0,-28.0,False
2020,7,PHI,NYG,0.0061900305058534,1.0,0,1.0,True
2020,7,ATL,DET,-0.04649035599112,1.0,0,-1.0,False
2020,7,CIN,CLE,-0.2529494169159255,1.0,0,-3.0,False
2020,7,HOU,GB,-0.2016789495758313,1.0,0,-15.0,False
2020,7,NO,CAR,0.0811973015859696,1.0,6,3.0,True
2020,7,NYJ,BUF,-0.2363919800233963,1.0,1,-8.0,False
2020,7,TEN,PIT,-0.0463163181713575,1.0,0,-3.0,False
2020,7,WAS,DAL,-0.2383810310866601,1.0,1,22.0,True
2020,7,LV,TB,0.0277998711063807,1.0,7,-25.0,False
2020,7,DEN,KC,-0.3590696497727279,1.0,1,-27.0,False
2020,7,LAC,JAX,0.1113771865743602,1.0,6,10.0,True
2020,7,NE,SF,-0.0675816690028136,1.0,0,-27.0,False
2020,7,ARI,SEA,-0.0809056952833987,1.0,-8,3.0,True
2020,7,LA,CHI,0.1007830717061756,1.0,0,14.0,True
2020,8,CAR,ATL,0.0653008475966687,1.0,0,-8.0,False
2020,8,BAL,PIT,0.0045500649349035,1.0,7,-4.0,False
2020,8,BUF,NE,0.1378180214052584,1.0,0,3.0,True
2020,8,CIN,TEN,-0.0865933314079822,1.0,0,11.0,True
2020,8,CLE,LV,0.1059350325307794,1.0,0,-10.0,False
2020,8,DET,IND,0.0894541341110478,1.0,-7,-20.0,False
2020,8,GB,MIN,0.3974855358753799,1.0,-7,-6.0,False
2020,8,KC,NYJ,0.3654240749452159,1.0,0,26.0,True
2020,8,MIA,LA,-0.049204684733864,1.0,8,11.0,True
2020,8,DEN,LAC,-0.2263185071227742,1.0,0,1.0,True
2020,8,CHI,NO,-0.244597705842354,1.0,-1,-3.0,False
2020,8,SEA,SF,0.054163115201785,1.0,0,10.0,True
2020,8,PHI,DAL,-0.0299184229885806,1.0,3,14.0,True
2020,8,NYG,TB,-0.1859079883468917,1.0,3,-2.0,False
2020,9,SF,GB,-0.2209606899207286,1.0,0,-17.0,False
2020,9,ATL,DEN,0.2121649632461427,1.0,3,7.0,True
2020,9,BUF,SEA,-0.0468242884809472,1.0,0,10.0,True
2020,9,IND,BAL,-0.1599271463841355,1.0,0,-14.0,False
2020,9,JAX,HOU,-0.0976399534953688,1.0,0,-2.0,False
2020,9,KC,CAR,0.1662837470160824,1.0,-3,2.0,True
2020,9,MIN,DET,-0.1010029437841394,1.0,0,14.0,True
2020,9,TEN,CHI,0.1507211008911878,1.0,0,7.0,True
2020,9,WAS,NYG,-0.0936424778265755,1.0,8,-3.0,False
2020,9,LAC,LV,-0.0425352243470319,1.0,0,-5.0,False
2020,9,ARI,MIA,0.0321782502221322,1.0,7,-3.0,False
2020,9,DAL,PIT,-0.1201713782608214,1.0,0,-5.0,False
2020,9,TB,NO,-0.0837691941640593,1.0,-1,-35.0,False
2020,9,NYJ,NE,-0.1735099909867724,1.0,0,-3.0,False
2020,10,TEN,IND,0.05768578613036,1.0,0,-17.0,False
2020,10,CAR,TB,-0.0039404007889012,1.0,0,-23.0,False
2020,10,CLE,HOU,0.1464596615531447,1.0,7,3.0,True
2020,10,DET,WAS,0.1925455097834903,1.0,0,3.0,True
2020,10,GB,JAX,0.3216839752971537,1.0,3,4.0,True
2020,10,NYG,PHI,0.0399323137233095,1.0,-7,10.0,True
2020,10,ARI,BUF,-0.0558352224416037,1.0,0,2.0,True
2020,10,LV,DEN,0.3106254915515062,1.0,0,25.0,True
2020,10,MIA,LAC,-0.0076795722975814,1.0,0,8.0,True
2020,10,LA,SEA,-0.0735665050732491,1.0,7,7.0,True
2020,10,NO,SF,0.244870388216739,1.0,-3,14.0,True
2020,10,PIT,CIN,0.0438103587061623,1.0,-7,26.0,True
2020,10,NE,BAL,-0.1498282918953091,1.0,-1,6.0,True
2020,10,CHI,MIN,-0.1188058846744246,1.0,0,-6.0,False
2020,11,SEA,ARI,0.0144766329928923,1.0,0,7.0,True
2020,11,BAL,TEN,0.0454570368145342,1.0,-3,-6.0,False
2020,11,CAR,DET,0.0009334609945591,1.0,0,20.0,True
2020,11,CLE,PHI,0.221378096673211,1.0,0,5.0,True
2020,11,HOU,NE,0.0066405382018367,1.0,0,7.0,True
2020,11,JAX,PIT,-0.1419922949952193,1.0,0,-24.0,False
2020,11,NO,ATL,0.15148991776767,1.0,-7,15.0,True
2020,11,WAS,CIN,-0.1946248050847467,1.0,0,11.0,True
2020,11,DEN,MIA,-0.2996610677471268,1.0,0,7.0,True
2020,11,LAC,NYJ,0.1811154741587844,1.0,-6,6.0,True
2020,11,IND,GB,-0.1969756088706933,1.0,3,3.0,True
2020,11,MIN,DAL,0.0954923155714271,1.0,-8,-3.0,False
2020,11,LV,KC,-0.0720156434995144,1.0,-7,-4.0,False
2020,11,TB,LA,0.0346830477337457,1.0,0,-3.0,False
2020,12,DET,HOU,-0.0516419099767861,1.0,0,-16.0,False
2020,12,DAL,WAS,0.1118696646526401,1.0,0,-25.0,False
2020,12,ATL,LV,-0.1203113543621944,1.0,0,37.0,True
2020,12,BUF,LAC,0.0556997876434109,1.0,7,10.0,True
2020,12,CIN,NYG,0.0487550549149985,1.0,-7,-2.0,False
2020,12,IND,TEN,-0.0369545200773559,1.0,0,-19.0,False
2020,12,JAX,CLE,-0.1958340432797701,1.0,0,-2.0,False
2020,12,MIN,CAR,-0.0410567455915168,1.0,0,1.0,True
2020,12,NE,ARI,-0.0594298724874855,1.0,-3,3.0,True
2020,12,NYJ,MIA,-0.1705716807258901,1.0,0,-17.0,False
2020,12,DEN,NO,-0.4186231959722829,1.0,0,-28.0,False
2020,12,LA,SF,0.1413758444894655,1.0,-8,-3.0,False
2020,12,TB,KC,-0.164362827698684,1.0,-1,-3.0,False
2020,12,GB,CHI,0.365422094524136,1.0,-6,16.0,True
2020,12,PHI,SEA,-0.1680659981511985,1.0,-3,-6.0,False
2020,12,PIT,BAL,-0.0248551177475602,1.0,0,5.0,True
2020,13,ATL,NO,-0.1563588762207675,1.0,0,-5.0,False
2020,13,CHI,DET,-0.1686751582372359,1.0,-3,-4.0,False
2020,13,HOU,IND,0.0695251167227514,1.0,3,-6.0,False
2020,13,MIA,CIN,0.0330464662989415,1.0,0,12.0,True
2020,13,MIN,JAX,0.1177244148107859,1.0,0,3.0,True
2020,13,NYJ,LV,-0.248893203418005,1.0,0,-3.0,False
2020,13,TEN,CLE,-0.0102382042114251,1.0,0,-6.0,False
2020,13,ARI,LA,0.0194354811909423,1.0,0,-10.0,False
2020,13,SEA,NYG,0.174751137489124,1.0,-1,-5.0,False
2020,13,GB,PHI,0.3486444405590287,1.0,1,14.0,True
2020,13,LAC,NE,0.0333336139509501,1.0,0,-45.0,False
2020,13,KC,DEN,0.5223635013321741,1.0,0,6.0,True
2020,13,PIT,WAS,0.2212216498210636,1.0,-6,-6.0,False
2020,13,SF,BUF,-0.139230347407734,0.0,0,-10.0,False
2020,13,BAL,DAL,0.1022855706358176,1.0,-6,17.0,True
2020,14,LA,NE,0.0976542214630294,1.0,0,21.0,True
2020,14,CAR,DEN,0.342577167578611,1.0,7,-5.0,False
2020,14,CHI,HOU,-0.2332527741338239,1.0,0,29.0,True
2020,14,CIN,DAL,-0.0064823827561112,1.0,2,-23.0,False
2020,14,JAX,TEN,-0.1775406326167322,1.0,0,-21.0,False
2020,14,MIA,KC,-0.2490298488993799,1.0,0,-6.0,False
2020,14,NYG,ARI,-0.0825345267776786,1.0,0,-19.0,False
2020,14,TB,MIN,0.0360261191093359,1.0,7,12.0,True
2020,14,LV,IND,0.0802779853624027,1.0,0,-17.0,False
2020,14,SEA,NYJ,0.226766840603398,1.0,0,37.0,True
2020,14,DET,GB,-0.2362182873074066,1.0,0,-7.0,False
2020,14,LAC,ATL,0.0139876502279173,1.0,0,3.0,True
2020,14,PHI,NO,-0.2532369123088309,1.0,0,3.0,True
2020,14,SF,WAS,0.0792594020681934,0.0,0,-8.0,False
2020,14,BUF,PIT,0.0848796753934984,1.0,0,11.0,True
2020,14,CLE,BAL,0.060255225902582,1.0,2,-5.0,False
2020,15,LV,LAC,0.0930860959329309,1.0,0,-3.0,False
2020,15,DEN,BUF,-0.3546084077260787,1.0,0,-29.0,False
2020,15,GB,CAR,0.1895066510619338,1.0,0,8.0,True
2020,15,ATL,TB,-0.1140521285904672,1.0,0,-4.0,False
2020,15,BAL,JAX,0.1938235745866115,1.0,-1,26.0,True
2020,15,DAL,SF,0.0156462369214203,1.0,0,8.0,True
2020,15,IND,HOU,-0.0502120709273636,1.0,0,7.0,True
2020,15,MIA,NE,0.0469228565590091,1.0,-3,10.0,True
2020,15,MIN,CHI,0.1507271134362918,1.0,0,-6.0,False
2020,15,TEN,DET,0.0830782464694497,1.0,0,21.0,True
2020,15,WAS,SEA,-0.2630799036926932,1.0,0,-5.0,False
2020,15,ARI,PHI,0.1110571511588881,1.0,0,7.0,True
2020,15,LA,NYJ,0.2141888308256286,1.0,3,-3.0,False
2020,15,NO,KC,-0.1327768748175662,1.0,0,-3.0,False
2020,15,NYG,CLE,-0.2022763747162703,1.0,1,-14.0,False
2020,15,CIN,PIT,-0.0844280754618011,1.0,0,10.0,True
2020,16,NO,MIN,0.0756859998755421,1.0,0,19.0,True
2020,16,DET,TB,-0.0557801097496834,1.0,0,-40.0,False
2020,16,ARI,SF,0.1309267447413774,1.0,0,-8.0,False
2020,16,LV,MIA,0.0758815456912911,1.0,3,-1.0,False
2020,16,BAL,NYG,0.1394218789293782,1.0,0,14.0,True
2020,16,HOU,CIN,0.1238062063650833,1.0,1,-6.0,False
2020,16,JAX,CHI,-0.0106976684855227,1.0,0,-24.0,False
2020,16,KC,ATL,0.2908186091447032,1.0,0,3.0,True
2020,16,NYJ,CLE,-0.2855947807526289,1.0,0,7.0,True
2020,16,PIT,IND,-0.0589906274293148,1.0,-1,4.0,True
2020,16,LAC,DEN,0.2299211873992953,1.0,2,3.0,True
2020,16,WAS,CAR,-0.205613456591954,1.0,-1,-7.0,False
2020,16,DAL,PHI,0.0516945979701086,1.0,0,20.0,True
2020,16,SEA,LA,0.0794630953091136,1.0,0,11.0,True
2020,16,GB,TEN,0.1312818020120357,1.0,1,26.0,True
2020,16,NE,BUF,-0.2033603487320235,1.0,-1,-29.0,False
2020,17,BUF,MIA,0.1620925867338257,1.0,-2,30.0,True
2020,17,CIN,BAL,-0.1217196614868851,1.0,0,-35.0,False
2020,17,CLE,PIT,0.1329450637377494,1.0,0,2.0,True
2020,17,DET,MIN,-0.0444544702097227,1.0,-1,-2.0,False
2020,17,NE,NYJ,0.0497066712345053,1.0,-1,14.0,True
2020,17,NYG,DAL,-0.054246306292721,1.0,0,4.0,True
2020,17,TB,ATL,0.1266962598043587,1.0,1,17.0,True
2020,17,CAR,NO,-0.095479047216023,1.0,-2,-26.0,False
2020,17,CHI,GB,-0.3782180297291969,1.0,0,-19.0,False
2020,17,DEN,LV,-0.2863921836835889,1.0,-1,-1.0,False
2020,17,HOU,TEN,-0.0116240210817403,1.0,0,-3.0,False
2020,17,IND,JAX,0.1574926269208622,1.0,0,14.0,True
2020,17,KC,LAC,0.2373336165765905,1.0,0,-17.0,False
2020,17,LA,ARI,0.0040167291297889,1.0,-1,11.0,True
2020,17,SF,SEA,-0.1813362889119945,0.0,1,-3.0,False
2020,17,PHI,WAS,0.1011721088188633,1.0,0,-6.0,False
2021,4,CIN,JAX,0.1131352275753782,1.0,0,3.0,True
2021,4,ATL,WAS,-0.2173936882332139,1.0,0,-4.0,False
2021,4,BUF,HOU,-0.0002264909722762,1.0,-3,40.0,True
2021,4,CHI,DET,0.1046171465457618,1.0,0,10.0,True
2021,4,DAL,CAR,-0.0316598833043559,1.0,-4,8.0,True
2021,4,MIA,IND,0.141015060223148,1.0,0,-10.0,False
2021,4,MIN,CLE,0.0211305131356834,1.0,0,-7.0,False
2021,4,NO,NYG,0.1524431856563992,1.0,0,-6.0,False
2021,4,NYJ,TEN,-0.1255633071735236,1.0,0,3.0,True
2021,4,PHI,KC,-0.1296562721068717,1.0,-1,-12.0,False
2021,4,LA,ARI,0.1953078402772628,1.0,0,-17.0,False
2021,4,SF,SEA,-0.2027819576357239,1.0,0,-7.0,False
2021,4,DEN,BAL,0.1425342131308012,1.0,0,-16.0,False
2021,4,GB,PIT,0.1824785267652129,1.0,0,10.0,True
2021,4,NE,TB,-0.0422145898955197,1.0,0,-2.0,False
2021,4,LAC,LV,-0.0511344032632277,1.0,0,14.0,True
2021,5,SEA,LA,-0.0656641304099551,1.0,0,-9.0,False
2021,5,ATL,NYJ,0.1443000182850858,0.0,0,7.0,True
2021,5,CAR,PHI,0.1432449844515468,1.0,0,-3.0,False
2021,5,CIN,GB,-0.1519807254027623,1.0,3,-3.0,False
2021,5,HOU,NE,-0.0079267665706957,1.0,0,-3.0,False
2021,5,JAX,TEN,0.0689071158254869,1.0,3,-18.0,False
2021,5,MIN,DET,0.1576784100593731,1.0,0,2.0,True
2021,5,PIT,DEN,-0.0444873740581376,1.0,0,8.0,True
2021,5,TB,MIA,0.0119932341428539,1.0,0,28.0,True
2021,5,WAS,NO,0.1525896652834613,1.0,0,-11.0,False
2021,5,LAC,CLE,-0.0693644733383992,1.0,-1,5.0,True
2021,5,LV,CHI,0.1344985154302322,1.0,-1,-11.0,False
2021,5,ARI,SF,0.0626801521096756,1.0,0,7.0,True
2021,5,DAL,NYG,0.3188995327187068,1.0,0,24.0,True
2021,5,KC,BUF,0.0595838752587411,1.0,0,-18.0,False
2021,5,BAL,IND,0.1456850438931149,1.0,0,6.0,True
2021,6,PHI,TB,-0.1276381589521544,1.0,0,-6.0,False
2021,6,JAX,MIA,-0.0680268359947759,0.0,0,3.0,True
2021,6,BAL,LAC,-0.0350742217300389,1.0,-1,28.0,True
2021,6,CAR,MIN,-0.0876342565469917,1.0,0,-6.0,False
2021,6,CHI,GB,-0.1576109051290915,1.0,0,-10.0,False
2021,6,DET,CIN,-0.0396380656138697,1.0,0,-23.0,False
2021,6,IND,HOU,0.1643856820771974,1.0,-1,28.0,True
2021,6,NYG,LA,-0.2248547573507494,1.0,-3,-27.0,False
2021,6,WAS,KC,-0.0364160703017122,1.0,0,-18.0,False
2021,6,CLE,ARI,-0.0251427167673774,1.0,0,-23.0,False
2021,6,DEN,LV,-0.0582634262193831,1.0,0,-10.0,False
2021,6,NE,DAL,-0.4334087382845783,1.0,0,-6.0,False
2021,6,PIT,SEA,-0.1591546384984848,1.0,-3,3.0,True
2021,6,TEN,BUF,-0.1991843643737313,1.0,0,3.0,True
2021,7,CLE,DEN,0.1278876605848301,1.0,0,3.0,True
2021,7,BAL,CIN,0.0498375410479425,1.0,0,-24.0,False
2021,7,GB,WAS,0.1026439640749989,1.0,0,14.0,True
2021,7,MIA,ATL,0.0090683544770569,1.0,-7,-2.0,False
2021,7,NE,NYJ,0.2422115660680854,1.0,-7,41.0,True
2021,7,NYG,CAR,0.025362082033216,1.0,0,22.0,True
2021,7,TEN,KC,-0.0472528131172479,1.0,-1,24.0,True
2021,7,LA,DET,0.3106276822212226,1.0,0,9.0,True
2021,7,LV,PHI,0.1315581360083619,1.0,-3,11.0,True
2021,7,ARI,HOU,0.3488165259655403,1.0,0,26.0,True
2021,7,TB,CHI,0.1274204043716524,1.0,3,35.0,True
2021,7,SF,IND,0.0658305457451335,1.0,7,-12.0,False
2021,7,SEA,NO,0.0548986833027936,1.0,-7,-3.0,False
2021,8,ARI,GB,0.0880711322174095,1.0,0,-3.0,False
2021,8,ATL,CAR,0.0904091123614394,1.0,0,-6.0,False
2021,8,BUF,MIA,0.1640446925209323,1.0,6,15.0,True
2021,8,CHI,SF,-0.1500213622995464,1.0,0,-11.0,False
2021,8,CLE,PIT,0.0935940460244144,1.0,-4,-5.0,False
2021,8,DET,PHI,-0.0151742943308784,1.0,0,-38.0,False
2021,8,HOU,LA,-0.3874705195460851,1.0,0,-16.0,False
2021,8,IND,TEN,0.002313300010942,1.0,0,-3.0,False
2021,8,NYJ,CIN,-0.3272053889040247,1.0,0,3.0,True
2021,8,LAC,NE,0.0889117893338803,1.0,7,-3.0,False
2021,8,SEA,JAX,0.1410575471125005,1.0,-8,24.0,True
2021,8,DEN,WAS,-0.1531816434725193,1.0,3,7.0,True
2021,8,NO,TB,-0.0934453146690649,1.0,-1,9.0,True
2021,8,MIN,DAL,-0.1024815659711274,1.0,0,-4.0,False
2021,8,KC,NYG,0.0965105946578359,1.0,0,3.0,True
2021,9,IND,NYJ,0.1313011937021335,1.0,0,15.0,True
2021,9,BAL,MIN,-0.0504464466615461,1.0,7,3.0,True
2021,9,CAR,NE,-0.0645309115477909,1.0,0,-18.0,False
2021,9,CIN,CLE,-0.0517577696377599,1.0,0,-25.0,False
2021,9,DAL,DEN,0.3179830080396493,1.0,0,-14.0,False
2021,9,JAX,BUF,-0.2769536445632587,1.0,0,3.0,True
2021,9,MIA,HOU,0.1762122121859272,1.0,0,8.0,True
2021,9,NO,ATL,0.0948300416785436,1.0,0,-2.0,False
2021,9,NYG,LV,-0.1319974719548098,1.0,-8,7.0,True
2021,9,PHI,LAC,-0.0470225226561055,1.0,0,-3.0,False
2021,9,KC,GB,-0.0744072502049299,1.0,-4,6.0,True
2021,9,SF,ARI,-0.0830675507173009,1.0,-3,-14.0,False
2021,9,LA,TEN,0.180356450535344,1.0,0,-12.0,False
2021,9,PIT,CHI,0.1041011872606129,1.0,0,2.0,True
2021,10,MIA,BAL,-0.1243937388180839,1.0,0,12.0,True
2021,10,DAL,ATL,0.2583138432038968,1.0,0,40.0,True
2021,10,IND,JAX,0.161763039535081,1.0,3,6.0,True
2021,10,NE,CLE,-0.1379285116774161,1.0,0,38.0,True
2021,10,NYJ,BUF,-0.2153732518720778,1.0,3,-28.0,False
2021,10,PIT,DET,0.1644104177640369,1.0,-8,0.0,False
2021,10,TEN,NO,-0.0047181118164764,1.0,0,2.0,True
2021,10,WAS,TB,-0.0698150984099653,1.0,0,10.0,True
2021,10,ARI,CAR,0.3911380283119132,1.0,0,-24.0,False
2021,10,LAC,MIN,-0.02889331552049,1.0,0,-7.0,False
2021,10,DEN,PHI,-0.0136901847866944,1.0,0,-17.0,False
2021,10,GB,SEA,-0.0498360300786161,1.0,-7,17.0,True
2021,10,LV,KC,0.0672550837645639,1.0,0,-27.0,False
2021,10,SF,LA,-0.0764688962922351,1.0,0,21.0,True
2021,11,ATL,NE,-0.0317962564158498,1.0,0,-25.0,False
2021,11,BUF,IND,0.0790463984426403,1.0,0,-26.0,False
2021,11,CAR,WAS,-0.1913201345278034,1.0,0,-6.0,False
2021,11,CHI,BAL,-0.0989634731596163,1.0,3,-3.0,False
2021,11,CLE,DET,0.2394710978892152,1.0,0,3.0,True
2021,11,JAX,SF,-0.2219545038038516,1.0,1,-20.0,False
2021,11,MIN,GB,0.0572167364131453,1.0,0,3.0,True
2021,11,NYJ,MIA,-0.1155174390562273,1.0,-3,-7.0,False
2021,11,PHI,NO,-0.0324664016707426,1.0,0,11.0,True
2021,11,TEN,HOU,0.2412216274282048,1.0,-7,-9.0,False
2021,11,LV,CIN,0.0797878721356002,1.0,-7,-19.0,False
2021,11,KC,DAL,-0.1896496095618112,1.0,0,10.0,True
2021,11,SEA,ARI,-0.13113453750815,1.0,0,-10.0,False
2021,11,LAC,PIT,0.1052891388221986,1.0,0,4.0,True
2021,11,TB,NYG,0.1457366253747251,1.0,-7,20.0,True
2021,12,DET,CHI,-0.1241767098957479,1.0,0,-2.0,False
2021,12,DAL,LV,0.0795748543071622,1.0,0,-3.0,False
2021,12,NO,BUF,-0.1090368502702143,1.0,0,-25.0,False
2021,12,CIN,PIT,0.0397406040274321,1.0,0,31.0,True
2021,12,HOU,NYJ,-0.0793698735115521,1.0,0,-7.0,False
2021,12,IND,TB,-0.0577781667112124,1.0,1,-7.0,False
2021,12,JAX,ATL,-0.0126112509688873,1.0,-3,-7.0,False
2021,12,MIA,CAR,0.0545784126390808,1.0,0,23.0,True
2021,12,NE,TEN,0.0283833561953528,1.0,3,23.0,True
2021,12,NYG,PHI,-0.0899212648582696,1.0,-1,6.0,True
2021,12,DEN,LAC,-0.152345531019432,1.0,7,15.0,True
2021,12,GB,LA,-0.0463668109696241,1.0,-6,8.0,True
2021,12,SF,MIN,0.0454921366320516,1.0,0,8.0,True
2021,12,BAL,CLE,-0.0582674565984021,1.0,0,6.0,True
2021,12,WAS,SEA,0.0377762355356,1.0,0,2.0,True
2021,13,NO,DAL,-0.1683886800081437,1.0,0,-10.0,False
2021,13,ATL,TB,-0.1968315648760232,1.0,0,-13.0,False
2021,13,CHI,ARI,-0.2487737950167713,1.0,-4,-11.0,False
2021,13,CIN,LAC,-0.0597494484434174,1.0,0,-19.0,False
2021,13,DET,MIN,-0.2453998012860621,1.0,3,2.0,True
2021,13,HOU,IND,-0.2834869639048291,1.0,0,-31.0,False
2021,13,MIA,NYG,0.0336647166497984,1.0,0,11.0,True
2021,13,NYJ,PHI,-0.1396128928226225,1.0,0,-15.0,False
2021,13,LA,JAX,0.2137326400215036,1.0,0,30.0,True
2021,13,LV,WAS,0.0288474920706812,1.0,4,-2.0,False
2021,13,PIT,BAL,-0.0507714653838242,1.0,0,1.0,True
2021,13,SEA,SF,-0.1239195839312008,1.0,-1,7.0,True
2021,13,KC,DEN,0.0828566281307008,1.0,7,13.0,True
2021,13,BUF,NE,0.0721535845166034,1.0,3,-4.0,False
2021,14,MIN,PIT,0.1649789710676542,1.0,0,8.0,True
2021,14,CAR,ATL,-0.0439091279639345,1.0,7,-8.0,False
2021,14,CLE,BAL,0.0733696083851592,1.0,7,2.0,True
2021,14,HOU,SEA,-0.2206020453185486,1.0,0,-20.0,False
2021,14,KC,LV,-0.039082869868991,1.0,0,39.0,True
2021,14,NYJ,NO,-0.1172682654993043,1.0,-3,-21.0,False
2021,14,TEN,JAX,0.112755020423886,1.0,7,20.0,True
2021,14,WAS,DAL,-0.1029703985464809,1.0,-3,-7.0,False
2021,14,DEN,DET,0.1095489106988283,1.0,0,28.0,True
2021,14,LAC,NYG,0.1311755166546883,1.0,0,16.0,True
2021,14,CIN,SF,-0.1376990600081407,1.0,0,-3.0,False
2021,14,TB,BUF,0.0370506738777051,1.0,1,6.0,True
2021,14,GB,CHI,0.1760417083024234,1.0,7,15.0,True
2021,14,ARI,LA,0.0964571196475841,1.0,0,-7.0,False
2021,15,LAC,KC,0.0102479043498359,1.0,0,-6.0,False
2021,15,IND,NE,0.0195983988142213,1.0,1,10.0,True
2021,15,BUF,CAR,0.2340792817918423,1.0,0,17.0,True
2021,15,DET,ARI,-0.3079419494225389,1.0,1,18.0,True
2021,15,JAX,HOU,0.0945390326074773,1.0,0,-14.0,False
2021,15,MIA,NYJ,0.1400111260886028,1.0,7,7.0,True
2021,15,NYG,DAL,-0.2320775989336317,1.0,0,-15.0,False
2021,15,PIT,TEN,-0.0598538579265518,1.0,3,6.0,True
2021,15,DEN,CIN,0.0061934481239639,1.0,0,-5.0,False
2021,15,SF,ATL,0.1837770613567754,1.0,0,18.0,True
2021,15,BAL,GB,-0.1497251863155432,1.0,0,-1.0,False
2021,15,TB,NO,0.215538026378589,1.0,0,-9.0,False
2021,15,CLE,LV,-0.0408309579825539,1.0,0,-2.0,False
2021,15,CHI,MIN,-0.2118582010767213,1.0,-3,-8.0,False
2021,15,LA,SEA,0.0891519684513407,1.0,-1,10.0,True
2021,15,PHI,WAS,0.0191035134906674,1.0,7,10.0,True
2021,16,TEN,SF,-0.1971317478753395,1.0,0,3.0,True
2021,16,GB,CLE,0.1057473696385299,1.0,0,2.0,True
2021,16,ARI,IND,0.0512753295388561,1.0,0,-6.0,False
2021,16,ATL,DET,0.0377447127518495,1.0,0,4.0,True
2021,16,CAR,TB,-0.2655136076674346,1.0,0,-26.0,False
2021,16,CIN,BAL,0.0052773023234355,1.0,0,20.0,True
2021,16,HOU,LAC,-0.3008630678193549,1.0,-3,12.0,True
2021,16,MIN,LA,-0.0086191882702738,1.0,-1,-7.0,False
2021,16,NE,BUF,-0.0770446544439048,1.0,0,-12.0,False
2021,16,NYJ,JAX,-0.0387783724455161,1.0,0,5.0,True
2021,16,PHI,NYG,0.1515463779700853,1.0,0,24.0,True
2021,16,SEA,CHI,0.1051431383586449,1.0,1,-1.0,False
2021,16,KC,PIT,0.1559996635250446,1.0,3,26.0,True
2021,16,LV,DEN,0.076052507081323,1.0,0,4.0,True
2021,16,DAL,WAS,0.1788141076570247,1.0,0,42.0,True
2021,16,NO,MIA,-0.0153586622397771,1.0,0,-17.0,False
2021,17,BAL,LA,-0.1076432437458535,1.0,0,-1.0,False
2021,17,BUF,ATL,0.1762283154349501,1.0,0,14.0,True
2021,17,CHI,NYG,0.0377077009839081,1.0,0,26.0,True
2021,17,CIN,KC,-0.0846512804122347,1.0,0,3.0,True
2021,17,IND,LV,0.0290662537525341,1.0,1,-3.0,False
2021,17,NE,JAX,0.1610896431133104,1.0,0,40.0,True
2021,17,NYJ,TB,-0.3042659403810649,1.0,0,-4.0,False
2021,17,TEN,MIA,-0.0025247574248619,1.0,4,31.0,True
2021,17,WAS,PHI,-0.0802703345435981,1.0,0,-4.0,False
2021,17,LAC,DEN,0.1130668446742222,1.0,0,21.0,True
2021,17,SF,HOU,0.3359919680536772,1.0,3,16.0,True
2021,17,DAL,ARI,0.0201503530556236,1.0,-1,-3.0,False
2021,17,NO,CAR,0.0790896720251235,1.0,-1,8.0,True
2021,17,SEA,DET,0.1156184118312812,1.0,0,22.0,True
2021,17,GB,MIN,0.038521243881842,1.0,1,27.0,True
2021,17,PIT,CLE,-0.0707063044134418,1.0,-1,12.0,True
2022,4,CIN,MIA,-0.2817296683655471,1.0,0,12.0,True
2022,4,NO,MIN,-0.2146140115158009,0.0,0,-3.0,False
2022,4,ATL,CLE,-0.1657247075164432,1.0,-3,3.0,True
2022,4,BAL,BUF,-0.1748319082724739,1.0,0,-3.0,False
2022,4,DAL,WAS,0.1434685887078762,1.0,-1,15.0,True
2022,4,DET,SEA,-0.0027936100117268,1.0,0,-3.0,False
2022,4,HOU,LAC,-0.0920408370255748,1.0,0,-10.0,False
2022,4,IND,TEN,-0.1407674639538386,1.0,0,-7.0,False
2022,4,NYG,CHI,-0.1323515391117196,1.0,-1,8.0,True
2022,4,PHI,JAX,0.2236112937284137,1.0,0,8.0,True
2022,4,PIT,NYJ,0.158681420357837,1.0,3,-4.0,False
2022,4,CAR,ARI,-0.1262472885201119,1.0,0,-10.0,False
2022,4,GB,NE,0.1247391839721922,1.0,0,3.0,True
2022,4,LV,DEN,-0.1191145055046411,1.0,0,9.0,True
2022,4,TB,KC,-0.0059477427601519,1.0,0,-10.0,False
2022,4,SF,LA,-0.0299846058795962,1.0,0,15.0,True
2022,5,DEN,IND,0.1265566013316943,1.0,0,-3.0,False
2022,5,GB,NYG,0.0837509752904178,0.0,0,-5.0,False
2022,5,BUF,PIT,0.2466320975616738,1.0,0,35.0,True
2022,5,CLE,LAC,-0.0122382092231172,1.0,0,-2.0,False
2022,5,JAX,HOU,0.2240938215122586,1.0,0,-7.0,False
2022,5,MIN,CHI,0.0452442488289046,1.0,0,7.0,True
2022,5,NE,DET,0.0026044094415252,1.0,0,29.0,True
2022,5,NO,SEA,-0.2033641549906409,1.0,0,7.0,True
2022,5,NYJ,MIA,-0.1949775927342604,1.0,-3,23.0,True
2022,5,TB,ATL,0.0196085964211146,1.0,0,6.0,True
2022,5,WAS,TEN,-0.1388997547188941,1.0,0,-4.0,False
2022,5,CAR,SF,-0.2983128389390708,1.0,1,-22.0,False
2022,5,ARI,PHI,-0.2441427723792225,1.0,0,-3.0,False
2022,5,LA,DAL,-0.0057298336391697,1.0,-1,-12.0,False
2022,5,BAL,CIN,0.0950646015098474,1.0,-3,2.0,True
2022,5,KC,LV,0.2030218291164835,1.0,0,1.0,True
2022,6,CHI,WAS,-0.0281981837919891,1.0,0,-5.0,False
2022,6,ATL,SF,-0.117813552867796,1.0,0,14.0,True
2022,6,CLE,NE,0.1237241199052342,1.0,0,-23.0,False
2022,6,GB,NYJ,0.1292280699830924,1.0,0,-17.0,False
2022,6,IND,JAX,-0.2710682772835682,1.0,3,7.0,True
2022,6,MIA,MIN,0.0496659218867326,1.0,0,-8.0,False
2022,6,NO,CIN,0.0015679153571183,1.0,0,-4.0,False
2022,6,NYG,BAL,-0.0904866014732487,1.0,0,4.0,True
2022,6,PIT,TB,-0.1851977149751588,1.0,0,2.0,True
2022,6,LA,CAR,0.1304039906358002,1.0,0,14.0,True
2022,6,SEA,ARI,0.1672363031972339,1.0,0,10.0,True
2022,6,KC,BUF,-0.0097069685629167,1.0,-1,-4.0,False
2022,6,PHI,DAL,0.090811520243521,1.0,0,9.0,True
2022,6,LAC,DEN,0.2599909548009884,1.0,-3,3.0,True
2022,7,ARI,NO,-0.1116144712028846,1.0,0,8.0,True
2022,7,BAL,CLE,0.0096928534321228,1.0,0,3.0,True
2022,7,CAR,TB,-0.2369804085830408,1.0,0,18.0,True
2022,7,CIN,ATL,-0.0073264711015038,1.0,0,18.0,True
2022,7,DAL,DET,-0.0059017206290139,1.0,-7,18.0,True
2022,7,JAX,NYG,0.1000345593297807,1.0,0,-6.0,False
2022,7,TEN,IND,0.103458226306968,1.0,7,9.0,True
2022,7,WAS,GB,-0.0929806413971143,1.0,3,2.0,True
2022,7,DEN,NYJ,-0.0080085650651245,1.0,-1,-7.0,False
2022,7,LV,HOU,0.1449968117343761,1.0,-1,18.0,True
2022,7,LAC,SEA,0.0224405453368062,1.0,-1,-14.0,False
2022,7,SF,KC,-0.1064940834095171,1.0,0,-21.0,False
2022,7,MIA,PIT,0.0400336958965024,1.0,0,6.0,True
2022,7,NE,CHI,0.1223894341626695,1.0,-3,-19.0,False
2022,8,TB,BAL,-0.0095948480668291,1.0,0,-5.0,False
2022,8,JAX,DEN,0.1585068196605423,0.0,0,-4.0,False
2022,8,ATL,CAR,0.1550992472035048,1.0,0,3.0,True
2022,8,DAL,CHI,0.0852107863163259,1.0,1,20.0,True
2022,8,DET,MIA,0.0322969224304996,1.0,0,-4.0,False
2022,8,MIN,ARI,0.0843182127356764,1.0,4,8.0,True
2022,8,NO,LV,-0.0814561962014584,1.0,3,24.0,True
2022,8,NYJ,NE,-0.0511301901800883,1.0,1,-5.0,False
2022,8,PHI,PIT,0.257456288598774,1.0,7,22.0,True
2022,8,HOU,TEN,-0.038584663126859,1.0,0,-7.0,False
2022,8,IND,WAS,-0.0575477663964096,1.0,0,-1.0,False
2022,8,LA,SF,-0.1169656516410901,1.0,7,-17.0,False
2022,8,SEA,NYG,0.0804809699532008,1.0,0,14.0,True
2022,8,BUF,GB,0.2114381463921051,1.0,7,10.0,True
2022,8,CLE,CIN,-0.0671305920187694,1.0,0,19.0,True
2022,9,HOU,PHI,-0.3567722052146793,1.0,0,-12.0,False
2022,9,ATL,LAC,-0.0167279058921591,1.0,-7,-3.0,False
2022,9,CHI,MIA,-0.0911534361327926,1.0,0,-3.0,False
2022,9,CIN,CAR,0.1544450794959954,1.0,-1,21.0,True
2022,9,DET,GB,0.0705287847175032,1.0,0,6.0,True
2022,9,JAX,LV,0.0044394728342411,1.0,0,7.0,True
2022,9,NE,IND,0.0523513311425812,1.0,0,23.0,True
2022,9,NYJ,BUF,-0.2815694506581256,1.0,0,3.0,True
2022,9,WAS,MIN,-0.0723316417735361,1.0,0,-3.0,False
2022,9,ARI,SEA,-0.1694465829440651,1.0,0,-10.0,False
2022,9,TB,LA,0.0604613293132808,1.0,3,3.0,True
2022,9,KC,TEN,0.205333225787338,1.0,7,3.0,True
2022,9,NO,BAL,-0.0193865173394145,1.0,-3,-14.0,False
2022,10,CAR,ATL,-0.164536702092278,1.0,0,10.0,True
2022,10,TB,SEA,-0.0912533067237234,0.0,0,5.0,True
2022,10,BUF,MIN,0.1810888247904978,1.0,0,-3.0,False
2022,10,CHI,DET,-0.1239807306171413,1.0,0,-1.0,False
2022,10,KC,JAX,0.0761319872691602,1.0,0,10.0,True
2022,10,MIA,CLE,-0.0076455117864134,1.0,-6,22.0,True
2022,10,NYG,HOU,0.1213410580907005,1.0,4,8.0,True
2022,10,PIT,NO,-0.1208105947237265,1.0,8,10.0,True
2022,10,TEN,DEN,0.0389813076363604,1.0,-7,7.0,True
2022,10,LV,IND,0.1639937355751415,1.0,0,-5.0,False
2022,10,GB,DAL,-0.1108675787911156,1.0,-7,3.0,True
2022,10,LA,ARI,-0.0194434061880014,1.0,0,-10.0,False
2022,10,SF,LAC,0.0748485942989176,1.0,7,6.0,True
2022,10,PHI,WAS,0.2627764603271601,1.0,3,-11.0,False
2022,11,GB,TEN,0.0481848940748608,1.0,0,-10.0,False
2022,11,ATL,CHI,0.0332517427011232,1.0,3,3.0,True
2022,11,BAL,CAR,0.1935823223868201,1.0,3,10.0,True
2022,11,BUF,CLE,0.118270902865619,0.0,0,8.0,True
2022,11,HOU,WAS,-0.1026839809216556,1.0,1,-13.0,False
2022,11,IND,PHI,-0.2899754586401081,1.0,1,-1.0,False
2022,11,NE,NYJ,-0.0151178296110836,1.0,0,7.0,True
2022,11,NO,LA,0.1005737523203911,1.0,0,7.0,True
2022,11,NYG,DET,-0.0311720083767686,1.0,0,-13.0,False
2022,11,DEN,LV,-0.1888767321364418,1.0,0,-6.0,False
2022,11,MIN,DAL,-0.0772471074953952,1.0,0,-37.0,False
2022,11,PIT,CIN,-0.1484533696843097,1.0,-7,-7.0,False
2022,11,LAC,KC,-0.2394182217267306,1.0,0,-3.0,False
2022,11,ARI,SF,-0.1477151585363804,0.0,0,-28.0,False
2022,12,DET,BUF,-0.0578925543304803,1.0,0,-3.0,False
2022,12,DAL,NYG,0.1120940518504581,1.0,0,8.0,True
2022,12,MIN,NE,0.0335149272440276,1.0,0,7.0,True
2022,12,CAR,DEN,0.0097216938514125,1.0,0,13.0,True
2022,12,CLE,TB,0.0247517829057368,1.0,-7,6.0,True
2022,12,JAX,BAL,-0.0301318804565029,1.0,7,1.0,True
2022,12,MIA,HOU,0.3030135051603624,1.0,7,15.0,True
2022,12,NYJ,CHI,-0.0194707335453566,1.0,0,21.0,True
2022,12,TEN,CIN,-0.0937023782198204,1.0,3,-4.0,False
2022,12,WAS,ATL,-0.0278506363285112,1.0,0,6.0,True
2022,12,ARI,LAC,-0.0309713110988033,1.0,-1,-1.0,False
2022,12,SEA,LV,0.0081020114807046,1.0,7,-6.0,False
2022,12,KC,LA,0.2875759240190882,1.0,0,16.0,True
2022,12,SF,NO,0.0978327476706566,1.0,-1,13.0,True
2022,12,PHI,GB,0.1485917126469114,1.0,-3,7.0,True
2022,12,IND,PIT,-0.0587776626493855,1.0,0,-7.0,False
2022,13,NE,BUF,-0.1376497017152612,1.0,0,-14.0,False
2022,13,ATL,PIT,0.0125294990204908,1.0,1,-3.0,False
2022,13,BAL,DEN,0.2200984003506843,1.0,0,1.0,True
2022,13,CHI,GB,-0.0847667275530398,1.0,0,-9.0,False
2022,13,DET,JAX,0.0093471041593143,1.0,3,26.0,True
2022,13,HOU,CLE,-0.2778049106756527,1.0,0,-13.0,False
2022,13,MIN,NYJ,0.0146441507642357,1.0,3,5.0,True
2022,13,NYG,WAS,0.032792052702847,1.0,3,0.0,False
2022,13,PHI,TEN,0.1951376293095784,1.0,0,25.0,True
2022,13,LA,SEA,-0.1677962161431901,1.0,0,-4.0,False
2022,13,SF,MIA,-0.0245942880462837,1.0,0,16.0,True
2022,13,CIN,KC,-0.1192404136091473,1.0,0,3.0,True
2022,13,LV,LAC,0.1290887717499859,1.0,0,7.0,True
2022,13,DAL,IND,0.1888965277827745,1.0,4,35.0,True
2022,13,TB,NO,-0.0098639060054707,1.0,0,1.0,True
2022,14,LA,LV,-0.2253979689587502,1.0,0,1.0,True
2022,14,BUF,NYJ,0.1833882454432265,1.0,3,8.0,True
2022,14,CIN,CLE,0.0840409044199053,1.0,0,13.0,True
2022,14,DAL,HOU,0.3229302484338292,1.0,0,4.0,True
2022,14,DET,MIN,0.0962541051900077,1.0,0,11.0,True
2022,14,NYG,PHI,-0.2227450040499616,1.0,0,-26.0,False
2022,14,PIT,BAL,-0.0632731248697527,1.0,0,-2.0,False
2022,14,TEN,JAX,-0.0468407454879217,1.0,0,-14.0,False
2022,14,DEN,KC,-0.3344001056724642,1.0,0,-6.0,False
2022,14,SEA,CAR,0.1465245371000851,1.0,-7,-6.0,False
2022,14,SF,TB,0.0946122913205456,1.0,1,28.0,True
2022,14,LAC,MIA,-0.1982867712055345,1.0,0,6.0,True
2022,14,ARI,NE,-0.0791909832647255,1.0,4,-14.0,False
2022,15,SEA,SF,-0.0605507039536581,1.0,0,-8.0,False
2022,15,MIN,IND,0.0844677778453638,1.0,-7,3.0,True
2022,15,CLE,BAL,-0.0383969091912281,1.0,0,10.0,True
2022,15,BUF,MIA,0.0549527426610816,1.0,0,3.0,True
2022,15,CAR,PIT,-0.0565622687968489,1.0,0,-8.0,False
2022,15,CHI,PHI,-0.2666242145232517,1.0,7,-5.0,False
2022,15,HOU,KC,-0.4366161157461322,1.0,0,-6.0,False
2022,15,JAX,DAL,-0.0007175487283165,1.0,0,6.0,True
2022,15,NO,ATL,0.0006318062572063,1.0,-1,3.0,True
2022,15,NYJ,DET,-0.1695626060982923,1.0,0,-3.0,False
2022,15,DEN,ARI,-0.0553494495920207,1.0,1,9.0,True
2022,15,LV,NE,0.089164549687639,1.0,4,6.0,True
2022,15,LAC,TEN,-0.0312130474238131,1.0,0,3.0,True
2022,15,TB,CIN,-0.1458206302881327,1.0,0,-11.0,False
2022,15,WAS,NYG,-0.050842764050675,1.0,7,-8.0,False
2022,15,GB,LA,0.1600656578788109,1.0,4,12.0,True
2022,16,NYJ,JAX,-0.1493893747661722,1.0,0,-16.0,False
2022,16,BAL,ATL,0.0324280491064358,1.0,1,8.0,True
2022,16,CAR,DET,-0.1657226024194663,1.0,0,14.0,True
2022,16,CHI,BUF,-0.2093198108335897,1.0,-1,-22.0,False
2022,16,CLE,NO,-0.0078577101897611,1.0,1,-7.0,False
2022,16,KC,SEA,0.1894266180969279,1.0,-3,14.0,True
2022,16,MIN,NYG,-0.0356954642265959,1.0,1,3.0,True
2022,16,NE,CIN,-0.1262684363261809,1.0,0,-4.0,False
2022,16,TEN,HOU,0.1869644356213962,1.0,0,-5.0,False
2022,16,SF,WAS,0.1626141177964089,1.0,3,17.0,True
2022,16,DAL,PHI,-0.1453115293114601,1.0,0,6.0,True
2022,16,PIT,LV,-0.0994118042109041,1.0,0,3.0,True
2022,16,MIA,GB,0.0699906359977423,1.0,2,-6.0,False
2022,16,LA,DEN,-0.0263973915135164,1.0,-1,37.0,True
2022,16,ARI,TB,-0.0633293744656872,1.0,0,-3.0,False
2022,16,IND,LAC,-0.0531222708341954,1.0,1,-17.0,False
2022,17,TEN,DAL,-0.1174252748547921,1.0,0,-14.0,False
2022,17,ATL,ARI,0.0935492748581743,1.0,1,1.0,True
2022,17,DET,CHI,0.1690307671343184,1.0,0,31.0,True
2022,17,HOU,JAX,-0.3206831174725949,1.0,-2,-28.0,False
2022,17,KC,DEN,0.3706011365457871,1.0,1,3.0,True
2022,17,NE,MIA,-0.0945358376066254,1.0,1,2.0,True
2022,17,NYG,IND,0.149791915867547,1.0,2,28.0,True
2022,17,PHI,NO,0.1686980404734999,1.0,0,-10.0,False
2022,17,TB,CAR,-0.0162586166944222,1.0,-1,6.0,True
2022,17,WAS,CLE,-0.0529212974066204,1.0,0,-14.0,False
2022,17,LV,SF,-0.0686679022669626,1.0,0,-3.0,False
2022,17,SEA,NYJ,0.118586991127196,1.0,-2,17.0,True
2022,17,GB,MIN,0.0424786352994546,1.0,-1,24.0,True
2022,17,LAC,LA,0.061529355171773,1.0,-1,21.0,True
2022,17,BAL,PIT,0.0320165880640418,1.0,0,-3.0,False
2023,4,GB,DET,-0.09444515936258367,1.0,0,-14.0,False
2023,4,JAX,ATL,0.010240516404867839,0.0,0,16.0,True
2023,4,BUF,MIA,-0.25614367498181273,1.0,0,28.0,True
2023,4,CAR,MIN,-0.03362152059637026,1.0,0,-8.0,False
2023,4,CHI,DEN,-0.15616413669313117,1.0,0,-3.0,False
2023,4,CLE,BAL,-0.12864492306809572,1.0,0,-25.0,False
2023,4,HOU,PIT,0.05455091852938781,1.0,0,24.0,True
2023,4,IND,LA,-0.0020926752105885037,1.0,1,-6.0,False
2023,4,NO,TB,0.14021872713434394,1.0,1,-17.0,False
2023,4,PHI,WAS,0.2535054434073122,1.0,-1,3.0,True
2023,4,TEN,CIN,-0.15671515281265436,1.0,1,24.0,True
2023,4,LAC,LV,0.28762929083741096,1.0,0,7.0,True
2023,4,DAL,NE,-0.006378384624490613,1.0,0,35.0,True
2023,4,SF,ARI,0.19966447621398575,1.0,3,19.0,True
2023,4,NYJ,KC,-0.17116606569173967,1.0,0,-3.0,False
2023,4,NYG,SEA,-0.0988631326494649,1.0,3,-21.0,False
2023,5,WAS,CHI,0.09916463294157433,1.0,0,-20.0,False
2023,5,BUF,JAX,0.1433414247645805,0.0,0,-5.0,False
2023,5,ATL,HOU,-0.1655096829091427,1.0,0,2.0,True
2023,5,DET,CAR,0.29044807526265426,1.0,3,18.0,True
2023,5,IND,TEN,0.014499488467860004,1.0,0,7.0,True
2023,5,MIA,NYG,0.5583622766452376,1.0,1,15.0,True
2023,5,NE,NO,0.08163056037707918,1.0,0,-34.0,False
2023,5,PIT,BAL,-0.3293332875714817,1.0,0,7.0,True
2023,5,ARI,CIN,0.06372105781675136,1.0,0,-14.0,False
2023,5,LA,PHI,-0.11597537632433128,1.0,0,-9.0,False
2023,5,DEN,NYJ,-0.12310669516639249,1.0,0,-10.0,False
2023,5,MIN,KC,-0.12128717961664726,1.0,0,-7.0,False
2023,5,SF,DAL,0.265164644274349,1.0,0,32.0,True
2023,5,LV,GB,-0.1325027948622719,1.0,-3,4.0,True
2023,6,KC,DEN,0.22751279576603892,1.0,0,11.0,True
2023,6,TEN,BAL,-0.04267701276567466,0.0,0,-8.0,False
2023,6,ATL,WAS,0.07942222470346001,1.0,-3,-8.0,False
2023,6,CHI,MIN,-0.10189183494888548,1.0,3,-6.0,False
2023,6,CIN,SEA,-0.0610233623933785,1.0,-6,4.0,True
2023,6,CLE,SF,-0.5503884185234752,1.0,7,2.0,True
2023,6,HOU,NO,0.11359439736756605,1.0,0,7.0,True
2023,6,JAX,IND,-0.040264227931336806,1.0,0,17.0,True
2023,6,MIA,CAR,0.42422219078442835,1.0,0,21.0,True
2023,6,LV,NE,-0.0674063998061131,1.0,-1,4.0,True
2023,6,LA,ARI,-0.06025049130805902,1.0,0,17.0,True
2023,6,NYJ,PHI,-0.23618717749014337,1.0,0,6.0,True
2023,6,TB,DET,-0.1924209617447919,1.0,7,-14.0,False
2023,6,BUF,NYG,0.30818446340486483,1.0,0,5.0,True
2023,6,LAC,DAL,0.15227563047235954,1.0,7,-3.0,False
2023,7,NO,JAX,-0.08372635906416531,1.0,0,-7.0,False
2023,7,BAL,DET,-0.16522391091582872,1.0,0,32.0,True
2023,7,CHI,LV,0.032850750401422046,1.0,0,18.0,True
2023,7,IND,CLE,0.16599490885559365,1.0,0,-1.0,False
2023,7,NE,BUF,-0.11935414882730895,1.0,0,4.0,True
2023,7,NYG,WAS,0.01028071124836158,1.0,0,7.0,True
2023,7,TB,ATL,0.11958083379933623,1.0,0,-3.0,False
2023,7,LA,PIT,0.1575889478445474,1.0,-7,-7.0,False
2023,7,SEA,ARI,-0.040364622825608404,1.0,0,10.0,True
2023,7,DEN,GB,0.031103440373639366,1.0,-3,2.0,True
2023,7,KC,LAC,0.11813275166509934,1.0,4,14.0,True
2023,7,PHI,MIA,-0.2422627802372641,1.0,0,14.0,True
2023,7,MIN,SF,-0.3331243057880584,1.0,0,5.0,True
2023,8,BUF,TB,0.09597979451836852,1.0,0,6.0,True
2023,8,CAR,HOU,-0.14808210318488585,1.0,0,2.0,True
2023,8,DAL,LA,-0.09563559027237979,1.0,6,23.0,True
2023,8,GB,MIN,-0.17267871507829133,1.0,1,-14.0,False
2023,8,IND,NO,0.12064671327270919,1.0,-3,-11.0,False
2023,8,MIA,NE,0.30002653749056485,1.0,0,14.0,True
2023,8,NYG,NYJ,-0.03525655623234342,1.0,-7,-3.0,False
2023,8,PIT,JAX,-0.11619342246053088,1.0,-3,-10.0,False
2023,8,TEN,ATL,0.04856618980079834,1.0,7,5.0,True
2023,8,WAS,PHI,-0.20071813411145137,1.0,0,-7.0,False
2023,8,SEA,CLE,0.23759128060341633,1.0,0,4.0,True
2023,8,ARI,BAL,-0.11137243480187044,1.0,0,-7.0,False
2023,8,DEN,KC,-0.2015370086383872,1.0,0,15.0,True
2023,8,SF,CIN,0.272716588634034,1.0,-8,-14.0,False
2023,8,LAC,CHI,0.07237675348501574,1.0,0,17.0,True
2023,8,DET,LV,0.3557169297952392,1.0,0,12.0,True
2023,9,PIT,TEN,-0.06324055073485435,1.0,0,4.0,True
2023,9,KC,MIA,-0.16662915998690467,0.0,0,7.0,True
2023,9,ATL,MIN,-0.12043729115559532,1.0,0,-3.0,False
2023,9,BAL,SEA,0.08088113950399244,1.0,0,34.0,True
2023,9,CLE,ARI,-0.16237050157947786,1.0,0,27.0,True
2023,9,GB,LA,-0.2749748449512304,1.0,0,17.0,True
2023,9,HOU,TB,0.08616005132813334,1.0,-3,2.0,True
2023,9,NE,WAS,0.09313250857143619,1.0,0,-3.0,False
2023,9,NO,CHI,0.054674335677680264,1.0,0,7.0,True
2023,9,CAR,IND,-0.13443885773949765,1.0,0,-14.0,False
2023,9,LV,NYG,-0.04116242999231376,1.0,-1,24.0,True
2023,9,PHI,DAL,-0.009604080559141796,1.0,0,5.0,True
2023,9,CIN,BUF,-0.11214146467700045,1.0,-3,6.0,True
2023,9,NYJ,LAC,-0.18045287685433176,1.0,0,-21.0,False
2023,10,CHI,CAR,0.057947846924923704,1.0,0,3.0,True
2023,10,NE,IND,-0.08198820823566247,0.0,0,-4.0,False
2023,10,BAL,CLE,0.32925035062359226,1.0,0,-2.0,False
2023,10,CIN,HOU,0.043867230763200385,1.0,0,-3.0,False
2023,10,JAX,SF,-0.19650158552232877,1.0,0,-31.0,False
2023,10,MIN,NO,0.031478639656228956,1.0,0,8.0,True
2023,10,PIT,GB,0.2019200400474441,1.0,3,4.0,True
2023,10,TB,TEN,-0.07635835205314424,1.0,-3,14.0,True
2023,10,ARI,ATL,-0.030439281252692713,1.0,0,2.0,True
2023,10,LAC,DET,-0.08770285842535794,1.0,-7,-3.0,False
2023,10,DAL,NYG,0.23189142970265814,1.0,0,32.0,True
2023,10,SEA,WAS,0.09129654960914255,1.0,0,3.0,True
2023,10,LV,NYJ,0.010887302889082587,1.0,1,4.0,True
2023,10,BUF,DEN,0.19284653760866863,1.0,-7,-2.0,False
2023,11,BAL,CIN,0.08069305328933357,1.0,0,14.0,True
2023,11,CAR,DAL,-0.27454383494201895,1.0,3,-23.0,False
2023,11,CLE,PIT,-0.13420950625963288,1.0,0,3.0,True
2023,11,DET,CHI,0.2333111930274963,1.0,-3,5.0,True
2023,11,GB,LAC,-0.24542548723392335,1.0,0,3.0,True
2023,11,HOU,ARI,0.1822712674138498,1.0,0,5.0,True
2023,11,JAX,TEN,0.06014750918588487,1.0,0,20.0,True
2023,11,MIA,LV,0.31940962494261144,1.0,7,7.0,True
2023,11,WAS,NYG,0.11927529988986871,1.0,0,-12.0,False
2023,11,SF,TB,0.3090258570274474,1.0,0,13.0,True
2023,11,BUF,NYJ,0.2245386505530844,1.0,-1,26.0,True
2023,11,LA,SEA,0.008247028234378513,1.0,7,1.0,True
2023,11,DEN,MIN,-0.1502719735068736,1.0,-1,1.0,True
2023,11,KC,PHI,-0.002464349044099659,1.0,0,-4.0,False
2023,12,DET,GB,0.25890164854968634,1.0,0,-7.0,False
2023,12,DAL,WAS,0.21381365938775626,1.0,0,35.0,True
2023,12,SEA,SF,-0.3044305028693589,1.0,0,-18.0,False
2023,12,NYJ,MIA,-0.3515335276271552,1.0,0,-21.0,False
2023,12,ATL,NO,-0.05408425214651377,1.0,0,9.0,True
2023,12,CIN,PIT,0.04158021617828656,1.0,3,-6.0,False
2023,12,HOU,JAX,0.006836171609201851,1.0,0,-3.0,False
2023,12,IND,TB,0.07298243565004126,1.0,7,7.0,True
2023,12,NYG,NE,-0.14045368826163318,1.0,-7,3.0,True
2023,12,TEN,CAR,0.13060261352197233,1.0,0,7.0,True
2023,12,ARI,LA,-0.039586638459775676,1.0,0,-23.0,False
2023,12,DEN,CLE,0.10158938747111668,1.0,0,17.0,True
2023,12,LV,KC,-0.2256600703594083,1.0,1,-14.0,False
2023,12,PHI,BUF,-0.009502569338712907,1.0,-1,3.0,True
2023,12,LAC,BAL,-0.0471036766791145,1.0,-3,-10.0,False
2023,12,MIN,CHI,0.13120584895653803,1.0,0,-2.0,False
2023,13,DAL,SEA,0.16011607309367948,1.0,0,6.0,True
2023,13,HOU,DEN,0.08621370809663288,1.0,0,5.0,True
2023,13,NE,LAC,-0.12794747665583123,1.0,0,-6.0,False
2023,13,NO,DET,-0.14177703289529126,1.0,-3,-5.0,False
2023,13,NYJ,ATL,-0.12342186912144881,1.0,2,-5.0,False
2023,13,PIT,ARI,0.06715369125989609,1.0,0,-14.0,False
2023,13,TEN,IND,-0.06978974721621406,1.0,0,-3.0,False
2023,13,WAS,MIA,-0.3006266593879464,1.0,1,-30.0,False
2023,13,TB,CAR,0.1580716212776866,1.0,0,3.0,True
2023,13,LA,CLE,0.1575600476008038,1.0,0,17.0,True
2023,13,PHI,SF,-0.16460464098831157,1.0,-3,-23.0,False
2023,13,GB,KC,-0.1737036352207917,1.0,3,8.0,True
2023,13,JAX,CIN,0.02713092930131765,1.0,0,-3.0,False
2023,14,PIT,NE,0.07329359833426816,1.0,0,-3.0,False
2023,14,ATL,TB,-0.015429759213941123,1.0,0,-4.0,False
2023,14,BAL,LA,0.1054496177265987,1.0,7,6.0,True
2023,14,CHI,DET,-0.18665014174895184,1.0,6,15.0,True
2023,14,CIN,IND,0.018954989637030538,1.0,-1,20.0,True
2023,14,CLE,JAX,-0.195713684619119,1.0,1,4.0,True
2023,14,NO,CAR,0.19716801092809438,1.0,0,22.0,True
2023,14,NYJ,HOU,-0.25360984612738624,1.0,0,24.0,True
2023,14,LV,MIN,-0.13587840090931957,1.0,1,-3.0,False
2023,14,SF,SEA,0.28290054819927096,1.0,-3,12.0,True
2023,14,KC,BUF,-0.015781132128481173,1.0,-7,-3.0,False
2023,14,LAC,DEN,0.10205166119852166,1.0,0,-17.0,False
2023,14,DAL,PHI,0.03548825924658526,1.0,3,20.0,True
2023,14,MIA,TEN,0.21833820639260554,1.0,0,-1.0,False
2023,14,NYG,GB,-0.1481309153880714,1.0,7,2.0,True
2023,15,LV,LAC,-0.14225117486487932,1.0,0,42.0,True
2023,15,CIN,MIN,0.060683464887059856,1.0,0,3.0,True
2023,15,IND,PIT,0.040844942145631113,1.0,-3,17.0,True
2023,15,DET,DEN,0.11161501965875792,1.0,0,25.0,True
2023,15,CAR,ATL,-0.16710869361046973,1.0,0,2.0,True
2023,15,CLE,CHI,-0.07659731946944623,1.0,0,3.0,True
2023,15,GB,TB,-0.0029810752897137353,1.0,-1,-14.0,False
2023,15,MIA,NYJ,0.3659833887593154,1.0,-1,30.0,True
2023,15,NE,KC,-0.1673008493260651,1.0,3,-10.0,False
2023,15,NO,NYG,0.11467448444590411,1.0,1,18.0,True
2023,15,TEN,HOU,-0.056425816554541874,1.0,-1,-3.0,False
2023,15,ARI,SF,-0.34987497065961404,1.0,7,-16.0,False
2023,15,LA,WAS,0.16546898693750087,1.0,-7,8.0,True
2023,15,BUF,DAL,-0.008325349986051292,1.0,0,21.0,True
2023,15,JAX,BAL,-0.11855249755549081,1.0,0,-16.0,False
2023,15,SEA,PHI,-0.08175555064828441,1.0,0,3.0,True
2023,16,LA,NO,0.04915840626207854,1.0,0,8.0,True
2023,16,PIT,CIN,-0.12096616019897616,1.0,0,23.0,True
2023,16,LAC,BUF,-0.1123962364303582,1.0,3,-2.0,False
2023,16,ATL,IND,-0.10718922083709245,1.0,-1,19.0,True
2023,16,CAR,GB,-0.1653684078414637,1.0,0,-3.0,False
2023,16,HOU,CLE,0.14106965205034527,1.0,0,-14.0,False
2023,16,MIN,DET,-0.12349217811561883,1.0,0,-6.0,False
2023,16,NYJ,WAS,-0.05558955672291402,1.0,0,2.0,True
2023,16,TEN,SEA,-0.088797333249345,1.0,1,-3.0,False
2023,16,TB,JAX,-0.03750104198690194,1.0,0,18.0,True
2023,16,CHI,ARI,-0.013341199840902054,1.0,0,11.0,True
2023,16,MIA,DAL,0.11380562902525052,1.0,0,2.0,True
2023,16,DEN,NE,0.044838303706432756,1.0,1,-3.0,False
2023,16,KC,LV,0.22533967268506155,1.0,-3,-6.0,False
2023,16,PHI,NYG,0.2215408574710287,1.0,-1,8.0,True
2023,16,SF,BAL,0.13507327553181012,1.0,0,-14.0,False
2023,17,CLE,NYJ,0.07025722930426534,1.0,0,17.0,True
2023,17,DAL,DET,-0.061978958058439323,1.0,0,1.0,True
2023,17,BAL,MIA,-0.03787713264437356,1.0,-1,37.0,True
2023,17,BUF,NE,0.19321346388033644,1.0,1,6.0,True
2023,17,CHI,ATL,-0.006826820404216373,1.0,0,20.0,True
2023,17,HOU,TEN,0.05063052398886235,1.0,0,23.0,True
2023,17,IND,LV,0.13687993483992894,1.0,1,3.0,True
2023,17,JAX,CAR,0.16975493240932543,1.0,0,26.0,True
2023,17,NYG,LA,-0.24827977623668462,1.0,-4,-1.0,False
2023,17,PHI,ARI,0.13625250290155516,1.0,-1,-4.0,False
2023,17,TB,NO,0.0276175155347228,1.0,-3,-10.0,False
2023,17,WAS,SF,-0.3949844061052507,1.0,1,-17.0,False
2023,17,SEA,PIT,0.045787086600137215,1.0,-1,-7.0,False
2023,17,DEN,LAC,-0.05177911525828893,1.0,-1,7.0,True
2023,17,KC,CIN,0.03839942096003231,1.0,-2,8.0,True
2023,17,MIN,GB,-0.013260396789609748,1.0,0,-23.0,False
